competition,competition_key,season,game_code,round,date,opponent,result,team_code,player_id,player_name,jersey,is_starter,seconds_played,minutes_played,points,fg2_made,fg2_att,fg3_made,fg3_att,ft_made,ft_att,rebounds,off_rebounds,def_rebounds,assists,steals,blocks,turnovers,fouls,plus_minus,pir
ABA League,aba_league,2025,14397509,2,2025-10-11,KK Krka Novo Mesto,W,UBT,2875,Ben Altit,8,False,325,5.42,2,1,1,0,0,0,0,1,1,0,1,0,0,1,2,6.0,1.0
ABA League,aba_league,2025,14397509,2,2025-10-11,KK Krka Novo Mesto,W,UBT,9896,Dušan Miletić,10,True,837,13.95,12,5,7,0,1,2,2,4,3,1,0,0,2,1,4,6.0,10.0
ABA League,aba_league,2025,14397509,2,2025-10-11,KK Krka Novo Mesto,W,UBT,11797,Karel Guzman,0,True,723,12.05,8,1,3,2,3,0,0,3,1,2,2,1,1,1,2,12.0,9.0
ABA League,aba_league,2025,14397509,2,2025-10-11,KK Krka Novo Mesto,W,UBT,11801,Patrick Richard,35,True,2172,36.2,12,3,3,2,6,0,0,4,0,4,5,0,0,0,2,16.0,15.0
ABA League,aba_league,2025,14397509,2,2025-10-11,KK Krka Novo Mesto,W,UBT,13251,Trey Woodbury,22,False,1522,25.37,5,1,4,1,3,0,1,3,0,3,0,0,0,0,3,-10.0,-1.0
ABA League,aba_league,2025,14397509,2,2025-10-11,KK Krka Novo Mesto,W,UBT,13514,Nathan Mensah,31,False,1991,33.18,9,3,9,0,0,3,4,12,5,7,1,3,1,3,2,-9.0,14.0
ABA League,aba_league,2025,14397509,2,2025-10-11,KK Krka Novo Mesto,W,UBT,13926,Iverson Molinar,1,False,1891,31.52,6,2,8,0,2,2,2,1,1,0,1,1,0,5,3,-11.0,-7.0
ABA League,aba_league,2025,14397509,2,2025-10-11,KK Krka Novo Mesto,W,UBT,13927,Mitch Creek,55,True,2142,35.7,19,5,11,2,2,3,4,6,1,5,4,1,0,1,3,6.0,19.0
ABA League,aba_league,2025,14397509,2,2025-10-11,KK Krka Novo Mesto,W,UBT,13943,Fatts Russell,11,True,1894,31.57,12,3,8,1,6,3,4,2,0,2,5,3,0,3,3,-6.0,5.0
ABA League,aba_league,2025,14397526,3,2025-10-19,BC Dubai,L,UBT,1694,Saulius Kulvietis,7,False,739,12.32,0,0,1,0,3,0,0,1,1,0,0,0,0,1,2,-18.0,-6.0
ABA League,aba_league,2025,14397526,3,2025-10-19,BC Dubai,L,UBT,2875,Ben Altit,8,False,192,3.2,0,0,0,0,0,0,0,1,0,1,0,0,0,0,3,-8.0,-2.0
ABA League,aba_league,2025,14397526,3,2025-10-19,BC Dubai,L,UBT,6546,Jeff Taylor,44,True,1684,28.07,5,1,3,1,3,0,0,4,1,3,2,0,0,2,3,-1.0,2.0
ABA League,aba_league,2025,14397526,3,2025-10-19,BC Dubai,L,UBT,9896,Dušan Miletić,10,True,1500,25.0,14,4,5,1,2,3,5,11,3,8,0,1,1,1,2,11.0,20.0
ABA League,aba_league,2025,14397526,3,2025-10-19,BC Dubai,L,UBT,11801,Patrick Richard,35,False,766,12.77,0,0,0,0,3,0,0,3,0,3,0,0,0,1,1,-11.0,-2.0
ABA League,aba_league,2025,14397526,3,2025-10-19,BC Dubai,L,UBT,13251,Trey Woodbury,22,True,1939,32.32,14,4,8,2,4,0,0,3,0,3,3,0,1,0,4,9.0,11.0
ABA League,aba_league,2025,14397526,3,2025-10-19,BC Dubai,L,UBT,13514,Nathan Mensah,31,False,486,8.1,4,2,4,0,0,0,0,3,2,1,0,0,0,2,4,-4.0,-1.0
ABA League,aba_league,2025,14397526,3,2025-10-19,BC Dubai,L,UBT,13926,Iverson Molinar,1,False,1324,22.07,7,3,10,0,0,1,2,2,0,2,2,0,0,0,1,-11.0,2.0
ABA League,aba_league,2025,14397526,3,2025-10-19,BC Dubai,L,UBT,13927,Mitch Creek,55,True,1882,31.37,14,5,7,1,2,1,1,7,1,6,4,1,0,2,4,11.0,17.0
ABA League,aba_league,2025,14397526,3,2025-10-19,BC Dubai,L,UBT,13943,Fatts Russell,11,True,1485,24.75,19,4,6,2,7,5,7,5,2,3,4,0,0,1,4,2.0,14.0
ABA League,aba_league,2025,14397529,4,2025-10-25,KK Split,L,UBT,1694,Saulius Kulvietis,7,False,562,9.37,8,1,1,2,2,0,0,0,0,0,0,0,0,4,0,0.0,4.0
ABA League,aba_league,2025,14397529,4,2025-10-25,KK Split,L,UBT,2875,Ben Altit,8,False,414,6.9,2,1,1,0,0,0,0,2,0,2,0,0,0,0,4,3.0,0.0
ABA League,aba_league,2025,14397529,4,2025-10-25,KK Split,L,UBT,6546,Jeff Taylor,44,True,1243,20.72,3,0,1,1,4,0,0,1,1,0,0,0,0,1,2,-4.0,-3.0
ABA League,aba_league,2025,14397529,4,2025-10-25,KK Split,L,UBT,9896,Dušan Miletić,10,True,1384,23.07,16,7,11,0,1,2,3,12,5,7,2,2,3,4,3,2.0,22.0
ABA League,aba_league,2025,14397529,4,2025-10-25,KK Split,L,UBT,11797,Karel Guzman,0,False,1253,20.88,7,2,5,1,1,0,2,4,0,4,2,2,0,3,4,-10.0,3.0
ABA League,aba_league,2025,14397529,4,2025-10-25,KK Split,L,UBT,11801,Patrick Richard,35,False,694,11.57,3,0,0,1,5,0,0,2,1,1,0,0,0,1,2,-4.0,-2.0
ABA League,aba_league,2025,14397529,4,2025-10-25,KK Split,L,UBT,13251,Trey Woodbury,22,True,853,14.22,3,1,5,0,2,1,2,3,1,2,3,0,0,1,1,-2.0,0.0
ABA League,aba_league,2025,14397529,4,2025-10-25,KK Split,L,UBT,13514,Nathan Mensah,31,False,538,8.97,3,0,1,0,0,3,4,3,1,2,0,0,1,2,5,-8.0,-2.0
ABA League,aba_league,2025,14397529,4,2025-10-25,KK Split,L,UBT,13926,Iverson Molinar,1,False,1695,28.25,8,4,9,0,0,0,0,8,1,7,9,0,0,2,1,2.0,17.0
ABA League,aba_league,2025,14397529,4,2025-10-25,KK Split,L,UBT,13927,Mitch Creek,55,True,1909,31.82,17,3,4,3,5,2,2,3,0,3,1,1,0,3,1,-9.0,15.0
ABA League,aba_league,2025,14397529,4,2025-10-25,KK Split,L,UBT,13943,Fatts Russell,11,True,1452,24.2,10,2,4,2,6,0,0,5,2,3,3,0,0,3,4,-5.0,5.0
ABA League,aba_league,2025,14397496,5,2025-11-01,Igokea m:tel,W,UBT,1694,Saulius Kulvietis,7,False,1063,17.72,2,1,1,0,3,0,0,3,0,3,2,0,0,1,0,-2.0,3.0
ABA League,aba_league,2025,14397496,5,2025-11-01,Igokea m:tel,W,UBT,2875,Ben Altit,8,False,213,3.55,4,2,2,0,0,0,0,0,0,0,0,0,0,0,0,2.0,4.0
ABA League,aba_league,2025,14397496,5,2025-11-01,Igokea m:tel,W,UBT,6546,Jeff Taylor,44,False,1221,20.35,5,1,3,1,2,0,0,0,0,0,2,0,0,0,4,16.0,0.0
ABA League,aba_league,2025,14397496,5,2025-11-01,Igokea m:tel,W,UBT,9896,Dušan Miletić,10,True,982,16.37,8,3,5,0,0,2,2,4,2,2,1,0,2,1,2,17.0,10.0
ABA League,aba_league,2025,14397496,5,2025-11-01,Igokea m:tel,W,UBT,11797,Karel Guzman,0,True,1044,17.4,9,2,2,1,3,2,5,3,2,1,3,3,0,1,4,9.0,8.0
ABA League,aba_league,2025,14397496,5,2025-11-01,Igokea m:tel,W,UBT,11801,Patrick Richard,35,False,837,13.95,9,0,0,3,3,0,0,1,0,1,0,0,0,3,2,-5.0,5.0
ABA League,aba_league,2025,14397496,5,2025-11-01,Igokea m:tel,W,UBT,13251,Trey Woodbury,22,True,1401,23.35,14,4,6,2,4,0,0,4,0,4,1,3,0,1,3,24.0,14.0
ABA League,aba_league,2025,14397496,5,2025-11-01,Igokea m:tel,W,UBT,13303,Darius Miron,6,False,160,2.67,0,0,0,0,0,0,0,0,0,0,0,0,0,0,0,3.0,0.0
ABA League,aba_league,2025,14397496,5,2025-11-01,Igokea m:tel,W,UBT,13514,Nathan Mensah,31,False,1204,20.07,5,2,4,0,0,1,2,7,3,4,1,2,3,1,4,3.0,10.0
ABA League,aba_league,2025,14397496,5,2025-11-01,Igokea m:tel,W,UBT,13926,Iverson Molinar,1,False,1207,20.12,17,6,7,0,1,5,6,1,0,1,4,0,0,3,4,1.0,12.0
ABA League,aba_league,2025,14397496,5,2025-11-01,Igokea m:tel,W,UBT,13927,Mitch Creek,55,True,1302,21.7,10,3,4,0,2,4,4,1,0,1,2,1,1,0,2,22.0,10.0
ABA League,aba_league,2025,14397496,5,2025-11-01,Igokea m:tel,W,UBT,13943,Fatts Russell,11,True,1363,22.72,23,5,8,3,4,4,5,2,0,2,4,3,1,4,2,20.0,22.0
ABA League,aba_league,2025,14397502,18,2025-11-08,KK Borac Mozzart,W,UBT,1694,Saulius Kulvietis,7,True,1677,27.95,20,2,4,5,8,1,1,5,3,2,10,0,0,2,3,25.0,25.0
ABA League,aba_league,2025,14397502,18,2025-11-08,KK Borac Mozzart,W,UBT,2875,Ben Altit,8,False,687,11.45,5,2,2,0,0,1,2,1,1,0,1,0,0,2,4,-5.0,0.0
ABA League,aba_league,2025,14397502,18,2025-11-08,KK Borac Mozzart,W,UBT,9896,Dušan Miletić,10,True,1023,17.05,14,6,7,0,0,2,6,4,0,4,4,1,2,3,3,22.0,14.0
ABA League,aba_league,2025,14397502,18,2025-11-08,KK Borac Mozzart,W,UBT,11797,Karel Guzman,0,True,1935,32.25,17,5,6,1,4,4,4,13,2,11,4,5,0,1,4,8.0,30.0
ABA League,aba_league,2025,14397502,18,2025-11-08,KK Borac Mozzart,W,UBT,11801,Patrick Richard,35,True,1866,31.1,12,0,1,4,7,0,0,4,0,4,6,0,0,2,2,27.0,14.0
ABA League,aba_league,2025,14397502,18,2025-11-08,KK Borac Mozzart,W,UBT,12684,Alexis Petric,12,False,166,2.77,0,0,0,0,0,0,0,0,0,0,0,0,0,2,1,-4.0,-3.0
ABA League,aba_league,2025,14397502,18,2025-11-08,KK Borac Mozzart,W,UBT,13251,Trey Woodbury,22,True,1876,31.27,11,3,6,0,4,5,6,2,0,2,3,0,0,4,2,18.0,2.0
ABA League,aba_league,2025,14397502,18,2025-11-08,KK Borac Mozzart,W,UBT,13303,Darius Miron,6,False,684,11.4,0,0,0,0,2,0,0,0,0,0,0,0,0,2,2,-2.0,-6.0
ABA League,aba_league,2025,14397502,18,2025-11-08,KK Borac Mozzart,W,UBT,13514,Nathan Mensah,31,False,934,15.57,3,0,3,0,0,3,4,6,1,5,0,1,2,0,4,5.0,4.0
ABA League,aba_league,2025,14397502,18,2025-11-08,KK Borac Mozzart,W,UBT,13927,Mitch Creek,55,False,1147,19.12,15,4,7,0,3,7,7,8,2,6,3,0,1,3,2,11.0,16.0
ABA League,aba_league,2025,14397505,7,2025-11-14,KK SC Derby,W,UBT,1694,Saulius Kulvietis,7,True,1027,17.12,10,2,3,2,3,0,0,1,0,1,0,0,0,1,1,-3.0,7.0
ABA League,aba_league,2025,14397505,7,2025-11-14,KK SC Derby,W,UBT,2875,Ben Altit,8,False,808,13.47,4,0,1,1,2,1,2,2,0,2,0,0,0,1,1,-12.0,1.0
ABA League,aba_league,2025,14397505,7,2025-11-14,KK SC Derby,W,UBT,6546,Jeff Taylor,44,False,828,13.8,2,1,1,0,1,0,0,2,0,2,2,0,0,1,2,17.0,2.0
ABA League,aba_league,2025,14397505,7,2025-11-14,KK SC Derby,W,UBT,9896,Dušan Miletić,10,True,1206,20.1,18,8,8,0,0,2,3,8,2,6,1,1,3,1,1,18.0,28.0
ABA League,aba_league,2025,14397505,7,2025-11-14,KK SC Derby,W,UBT,11797,Karel Guzman,0,True,1443,24.05,10,2,4,0,6,6,8,3,0,3,4,2,0,2,2,5.0,5.0
ABA League,aba_league,2025,14397505,7,2025-11-14,KK SC Derby,W,UBT,11801,Patrick Richard,35,False,1402,23.37,11,1,1,2,4,3,3,3,1,2,6,2,0,0,1,22.0,19.0
ABA League,aba_league,2025,14397505,7,2025-11-14,KK SC Derby,W,UBT,13251,Trey Woodbury,22,False,1341,22.35,5,1,4,1,3,0,0,6,1,5,3,1,0,1,2,-8.0,7.0
ABA League,aba_league,2025,14397505,7,2025-11-14,KK SC Derby,W,UBT,13303,Darius Miron,6,False,720,12.0,0,0,0,0,2,0,0,0,0,0,0,0,0,2,1,-23.0,-5.0
ABA League,aba_league,2025,14397505,7,2025-11-14,KK SC Derby,W,UBT,13514,Nathan Mensah,31,False,1105,18.42,9,4,10,0,0,1,2,9,5,4,2,1,1,2,2,1.0,11.0
ABA League,aba_league,2025,14397505,7,2025-11-14,KK SC Derby,W,UBT,13927,Mitch Creek,55,True,867,14.45,9,0,3,2,4,3,3,1,1,0,1,1,0,0,1,21.0,6.0
ABA League,aba_league,2025,14397505,7,2025-11-14,KK SC Derby,W,UBT,13943,Fatts Russell,11,True,1251,20.85,17,1,1,5,7,0,0,0,0,0,6,1,1,3,3,27.0,17.0
ABA League,aba_league,2025,15039407,8,2025-11-22,FMP Beograd,W,UBT,1694,Saulius Kulvietis,7,False,510,8.5,3,0,0,1,1,0,0,2,1,1,1,0,0,0,4,-12.0,2.0
ABA League,aba_league,2025,15039407,8,2025-11-22,FMP Beograd,W,UBT,2875,Ben Altit,8,False,231,3.85,0,0,1,0,0,0,0,1,1,0,0,0,0,0,0,-2.0,0.0
ABA League,aba_league,2025,15039407,8,2025-11-22,FMP Beograd,W,UBT,6546,Jeff Taylor,44,True,1465,24.42,7,1,2,1,2,2,2,4,1,3,2,1,0,1,5,20.0,6.0
ABA League,aba_league,2025,15039407,8,2025-11-22,FMP Beograd,W,UBT,9896,Dušan Miletić,10,True,1324,22.07,28,6,7,2,2,10,13,5,1,4,1,3,1,3,4,18.0,27.0
ABA League,aba_league,2025,15039407,8,2025-11-22,FMP Beograd,W,UBT,11797,Karel Guzman,0,False,1587,26.45,17,3,3,3,4,2,2,5,1,4,2,0,0,0,2,1.0,21.0
ABA League,aba_league,2025,15039407,8,2025-11-22,FMP Beograd,W,UBT,13251,Trey Woodbury,22,True,1286,21.43,9,1,2,2,3,1,1,0,0,0,3,1,0,2,2,-12.0,7.0
ABA League,aba_league,2025,15039407,8,2025-11-22,FMP Beograd,W,UBT,13514,Nathan Mensah,31,False,751,12.52,5,2,4,0,0,1,1,5,1,4,0,0,0,1,1,-7.0,6.0
ABA League,aba_league,2025,15039407,8,2025-11-22,FMP Beograd,W,UBT,13926,Iverson Molinar,1,False,1228,20.47,8,4,7,0,3,0,0,1,0,1,3,0,0,2,2,-19.0,2.0
ABA League,aba_league,2025,15039407,8,2025-11-22,FMP Beograd,W,UBT,13927,Mitch Creek,55,True,1810,30.17,20,4,8,2,5,6,8,1,0,1,2,0,1,3,2,17.0,10.0
ABA League,aba_league,2025,15039407,8,2025-11-22,FMP Beograd,W,UBT,13943,Fatts Russell,11,True,1804,30.07,7,2,2,1,4,0,0,5,0,5,14,0,0,2,3,26.0,18.0
ABA League,aba_league,2025,14397519,9,2025-12-07,KK Partizan Mozzart Bet,L,UBT,1694,Saulius Kulvietis,7,False,510,8.5,0,0,1,0,1,0,0,1,0,1,0,0,0,0,2,-9.0,-3.0
ABA League,aba_league,2025,14397519,9,2025-12-07,KK Partizan Mozzart Bet,L,UBT,2875,Ben Altit,8,False,153,2.55,0,0,0,0,0,0,0,1,0,1,0,0,0,0,0,-6.0,1.0
ABA League,aba_league,2025,14397519,9,2025-12-07,KK Partizan Mozzart Bet,L,UBT,6546,Jeff Taylor,44,True,784,13.07,0,0,0,0,2,0,0,3,0,3,0,1,0,1,2,-6.0,-1.0
ABA League,aba_league,2025,14397519,9,2025-12-07,KK Partizan Mozzart Bet,L,UBT,9896,Dušan Miletić,10,True,1926,32.1,18,7,7,0,1,4,4,13,5,8,4,1,2,2,3,3.0,32.0
ABA League,aba_league,2025,14397519,9,2025-12-07,KK Partizan Mozzart Bet,L,UBT,11797,Karel Guzman,0,False,1615,26.92,20,4,6,3,6,3,4,7,2,5,2,0,0,1,3,-1.0,19.0
ABA League,aba_league,2025,14397519,9,2025-12-07,KK Partizan Mozzart Bet,L,UBT,11801,Patrick Richard,35,False,745,12.42,6,0,0,2,5,0,0,0,0,0,0,0,0,0,0,-3.0,3.0
ABA League,aba_league,2025,14397519,9,2025-12-07,KK Partizan Mozzart Bet,L,UBT,13251,Trey Woodbury,22,False,888,14.8,5,1,5,1,3,0,0,2,0,2,0,1,0,1,0,-11.0,1.0
ABA League,aba_league,2025,14397519,9,2025-12-07,KK Partizan Mozzart Bet,L,UBT,13926,Iverson Molinar,1,True,1703,28.38,12,5,11,0,2,2,3,2,0,2,2,0,0,6,1,4.0,0.0
ABA League,aba_league,2025,14397519,9,2025-12-07,KK Partizan Mozzart Bet,L,UBT,13927,Mitch Creek,55,True,2043,34.05,14,4,5,2,3,0,0,3,1,2,4,1,0,1,3,-2.0,16.0
ABA League,aba_league,2025,14397519,9,2025-12-07,KK Partizan Mozzart Bet,L,UBT,13943,Fatts Russell,11,True,1630,27.17,10,2,4,2,7,0,0,2,0,2,5,1,1,2,2,-4.0,8.0
ABA League,aba_league,2025,14397524,10,2025-12-19,KK Krka Novo Mesto,W,UBT,1694,Saulius Kulvietis,7,False,255,4.25,0,0,0,0,0,0,0,0,0,0,0,0,0,0,2,-3.0,-2.0
ABA League,aba_league,2025,14397524,10,2025-12-19,KK Krka Novo Mesto,W,UBT,2875,Ben Altit,8,False,217,3.62,0,0,0,0,0,0,0,0,0,0,0,0,0,0,2,-6.0,-2.0
ABA League,aba_league,2025,14397524,10,2025-12-19,KK Krka Novo Mesto,W,UBT,6546,Jeff Taylor,44,False,1234,20.57,3,0,1,1,1,0,0,2,1,1,2,1,0,0,2,-5.0,5.0
ABA League,aba_league,2025,14397524,10,2025-12-19,KK Krka Novo Mesto,W,UBT,9896,Dušan Miletić,10,True,1611,26.85,12,6,7,0,2,0,0,7,2,5,3,2,2,2,2,15.0,19.0
ABA League,aba_league,2025,14397524,10,2025-12-19,KK Krka Novo Mesto,W,UBT,11797,Karel Guzman,0,True,1635,27.25,13,3,3,1,4,4,4,8,0,8,4,1,2,1,0,19.0,24.0
ABA League,aba_league,2025,14397524,10,2025-12-19,KK Krka Novo Mesto,W,UBT,11801,Patrick Richard,35,False,837,13.95,0,0,1,0,2,0,0,0,0,0,1,0,0,1,3,-6.0,-6.0
ABA League,aba_league,2025,14397524,10,2025-12-19,KK Krka Novo Mesto,W,UBT,13251,Trey Woodbury,22,True,1623,27.05,16,3,7,3,7,1,1,7,2,5,4,1,0,1,3,3.0,16.0
ABA League,aba_league,2025,14397524,10,2025-12-19,KK Krka Novo Mesto,W,UBT,13303,Darius Miron,6,False,20,0.33,0,0,0,0,0,0,0,0,0,0,0,0,0,0,1,-3.0,-1.0
ABA League,aba_league,2025,14397524,10,2025-12-19,KK Krka Novo Mesto,W,UBT,13926,Iverson Molinar,1,True,1645,27.42,14,7,12,0,3,0,0,2,1,1,2,0,0,0,2,15.0,8.0
ABA League,aba_league,2025,14397524,10,2025-12-19,KK Krka Novo Mesto,W,UBT,13927,Mitch Creek,55,True,1574,26.23,14,5,8,0,1,4,6,6,3,3,1,1,1,2,0,23.0,15.0
ABA League,aba_league,2025,14397524,10,2025-12-19,KK Krka Novo Mesto,W,UBT,14185,Nighael Ceaser,4,False,1345,22.42,20,9,14,0,0,2,4,6,3,3,0,1,0,2,4,-2.0,14.0
ABA League,aba_league,2025,14936498,11,2025-12-22,KK Split,W,UBT,1694,Saulius Kulvietis,7,True,868,14.47,2,1,1,0,1,0,0,0,0,0,1,0,0,1,2,-8.0,-1.0
ABA League,aba_league,2025,14936498,11,2025-12-22,KK Split,W,UBT,2875,Ben Altit,8,False,975,16.25,6,3,3,0,0,0,0,4,1,3,1,1,1,0,3,2.0,10.0
ABA League,aba_league,2025,14936498,11,2025-12-22,KK Split,W,UBT,9896,Dušan Miletić,10,True,1075,17.92,11,5,7,0,0,1,2,7,2,5,1,0,3,2,4,14.0,13.0
ABA League,aba_league,2025,14936498,11,2025-12-22,KK Split,W,UBT,11801,Patrick Richard,35,False,1566,26.1,8,1,1,2,6,0,0,3,0,3,4,0,0,1,3,27.0,7.0
ABA League,aba_league,2025,14936498,11,2025-12-22,KK Split,W,UBT,12684,Alexis Petric,12,False,204,3.4,0,0,1,0,2,0,0,1,0,1,0,0,0,0,1,-11.0,-3.0
ABA League,aba_league,2025,14936498,11,2025-12-22,KK Split,W,UBT,13251,Trey Woodbury,22,False,1639,27.32,18,2,3,4,9,2,3,4,0,4,7,0,0,2,1,15.0,19.0
ABA League,aba_league,2025,14936498,11,2025-12-22,KK Split,W,UBT,13303,Darius Miron,6,True,1560,26.0,12,0,1,4,9,0,0,1,0,1,0,4,0,1,3,15.0,7.0
ABA League,aba_league,2025,14936498,11,2025-12-22,KK Split,W,UBT,13927,Mitch Creek,55,True,1153,19.22,15,5,8,1,3,2,3,4,1,3,3,0,0,0,1,10.0,15.0
ABA League,aba_league,2025,14936498,11,2025-12-22,KK Split,W,UBT,13943,Fatts Russell,11,True,1453,24.22,14,1,3,3,5,3,3,3,1,2,10,0,0,1,3,7.0,19.0
ABA League,aba_league,2025,14936498,11,2025-12-22,KK Split,W,UBT,14185,Nighael Ceaser,4,False,1504,25.07,19,6,7,1,1,4,5,6,2,4,4,1,0,1,2,19.0,25.0
ABA League,aba_league,2025,14397578,12,2025-12-26,KK SC Derby,W,UBT,1694,Saulius Kulvietis,7,False,271,4.52,0,0,0,0,3,0,0,0,0,0,0,0,0,0,1,1.0,-4.0
ABA League,aba_league,2025,14397578,12,2025-12-26,KK SC Derby,W,UBT,2875,Ben Altit,8,False,256,4.27,0,0,0,0,0,0,0,0,0,0,0,0,0,0,1,-5.0,-1.0
ABA League,aba_league,2025,14397578,12,2025-12-26,KK SC Derby,W,UBT,9896,Dušan Miletić,10,True,1450,24.17,13,5,8,0,1,3,4,11,5,6,2,2,2,2,4,0.0,19.0
ABA League,aba_league,2025,14397578,12,2025-12-26,KK SC Derby,W,UBT,11797,Karel Guzman,0,True,1779,29.65,13,2,2,2,5,3,5,6,2,4,3,0,0,3,2,22.0,12.0
ABA League,aba_league,2025,14397578,12,2025-12-26,KK SC Derby,W,UBT,11801,Patrick Richard,35,False,1206,20.1,1,0,0,0,2,1,1,3,0,3,2,0,0,2,1,-2.0,1.0
ABA League,aba_league,2025,14397578,12,2025-12-26,KK SC Derby,W,UBT,13303,Darius Miron,6,True,334,5.57,2,0,0,0,2,2,2,1,0,1,0,0,0,1,1,0.0,-1.0
ABA League,aba_league,2025,14397578,12,2025-12-26,KK SC Derby,W,UBT,13926,Iverson Molinar,1,False,1750,29.17,26,5,9,4,6,4,4,2,0,2,5,0,0,2,1,7.0,24.0
ABA League,aba_league,2025,14397578,12,2025-12-26,KK SC Derby,W,UBT,13927,Mitch Creek,55,True,1972,32.87,15,1,1,3,6,4,4,7,2,5,2,1,1,3,0,12.0,20.0
ABA League,aba_league,2025,14397578,12,2025-12-26,KK SC Derby,W,UBT,13943,Fatts Russell,11,True,1672,27.87,23,3,5,5,10,2,3,3,0,3,1,1,0,3,3,15.0,14.0
ABA League,aba_league,2025,14397578,12,2025-12-26,KK SC Derby,W,UBT,14185,Nighael Ceaser,4,False,1303,21.72,3,1,2,0,0,1,2,10,5,5,5,0,1,2,3,5.0,12.0
ABA League,aba_league,2025,15306734,13,2026-01-03,FMP Beograd,W,UBT,1694,Saulius Kulvietis,7,False,991,16.52,13,1,1,3,5,2,2,6,1,5,0,1,0,2,2,20.0,14.0
ABA League,aba_league,2025,15306734,13,2026-01-03,FMP Beograd,W,UBT,2875,Ben Altit,8,False,352,5.87,0,0,0,0,0,0,0,1,1,0,0,0,1,0,0,-6.0,2.0
ABA League,aba_league,2025,15306734,13,2026-01-03,FMP Beograd,W,UBT,6546,Jeff Taylor,44,False,934,15.57,5,2,4,0,1,1,2,3,1,2,1,0,0,1,1,4.0,3.0
ABA League,aba_league,2025,15306734,13,2026-01-03,FMP Beograd,W,UBT,9896,Dušan Miletić,10,True,1142,19.03,10,4,4,0,0,2,2,7,0,7,1,0,1,1,3,14.0,15.0
ABA League,aba_league,2025,15306734,13,2026-01-03,FMP Beograd,W,UBT,11797,Karel Guzman,0,True,1500,25.0,12,3,4,2,5,0,0,3,1,2,2,2,0,1,1,21.0,13.0
ABA League,aba_league,2025,15306734,13,2026-01-03,FMP Beograd,W,UBT,11801,Patrick Richard,35,False,967,16.12,5,1,1,1,4,0,0,0,0,0,2,0,0,0,0,10.0,4.0
ABA League,aba_league,2025,15306734,13,2026-01-03,FMP Beograd,W,UBT,12684,Alexis Petric,12,False,190,3.17,0,0,1,0,0,0,0,2,0,2,0,0,0,1,0,1.0,0.0
ABA League,aba_league,2025,15306734,13,2026-01-03,FMP Beograd,W,UBT,13251,Trey Woodbury,22,False,775,12.92,0,0,0,0,0,0,0,4,0,4,4,0,1,1,4,10.0,4.0
ABA League,aba_league,2025,15306734,13,2026-01-03,FMP Beograd,W,UBT,13926,Iverson Molinar,1,True,1432,23.87,18,6,8,2,2,0,0,3,0,3,5,1,0,3,2,18.0,20.0
ABA League,aba_league,2025,15306734,13,2026-01-03,FMP Beograd,W,UBT,13927,Mitch Creek,55,True,1021,17.02,10,2,2,2,4,0,0,0,0,0,3,0,0,0,3,17.0,8.0
ABA League,aba_league,2025,15306734,13,2026-01-03,FMP Beograd,W,UBT,13943,Fatts Russell,11,True,1435,23.92,10,2,3,2,4,0,0,5,0,5,6,3,0,3,0,17.0,18.0
ABA League,aba_league,2025,15306734,13,2026-01-03,FMP Beograd,W,UBT,14185,Nighael Ceaser,4,False,1257,20.95,10,5,8,0,0,0,0,4,0,4,3,1,1,1,1,14.0,14.0
ABA League,aba_league,2025,14397589,14,2026-01-10,Igokea m:tel,L,UBT,1694,Saulius Kulvietis,7,False,37,0.62,0,0,0,0,0,0,0,0,0,0,0,0,0,1,0,-4.0,-1.0
ABA League,aba_league,2025,14397589,14,2026-01-10,Igokea m:tel,L,UBT,2875,Ben Altit,8,False,270,4.5,0,0,0,0,0,0,0,1,1,0,0,0,0,0,0,2.0,1.0
ABA League,aba_league,2025,14397589,14,2026-01-10,Igokea m:tel,L,UBT,6546,Jeff Taylor,44,False,911,15.18,0,0,2,0,1,0,0,1,1,0,0,0,0,0,4,-11.0,-6.0
ABA League,aba_league,2025,14397589,14,2026-01-10,Igokea m:tel,L,UBT,9896,Dušan Miletić,10,False,1439,23.98,14,7,14,0,0,0,0,12,3,9,5,2,2,1,2,-10.0,25.0
ABA League,aba_league,2025,14397589,14,2026-01-10,Igokea m:tel,L,UBT,11797,Karel Guzman,0,True,1593,26.55,8,1,3,2,4,0,0,5,0,5,1,1,0,1,3,-5.0,7.0
ABA League,aba_league,2025,14397589,14,2026-01-10,Igokea m:tel,L,UBT,11801,Patrick Richard,35,False,924,15.4,6,0,0,2,4,0,0,4,0,4,0,1,0,4,2,-2.0,3.0
ABA League,aba_league,2025,14397589,14,2026-01-10,Igokea m:tel,L,UBT,13251,Trey Woodbury,22,True,1126,18.77,0,0,2,0,3,0,0,3,0,3,2,0,0,0,2,5.0,-2.0
ABA League,aba_league,2025,14397589,14,2026-01-10,Igokea m:tel,L,UBT,13926,Iverson Molinar,1,True,1395,23.25,13,5,6,1,3,0,0,0,0,0,5,1,0,1,5,5.0,10.0
ABA League,aba_league,2025,14397589,14,2026-01-10,Igokea m:tel,L,UBT,13927,Mitch Creek,55,True,2350,39.17,35,11,16,2,3,7,8,6,3,3,3,0,0,1,3,-3.0,33.0
ABA League,aba_league,2025,14397589,14,2026-01-10,Igokea m:tel,L,UBT,13943,Fatts Russell,11,False,2149,35.82,22,3,6,3,8,7,8,4,1,3,9,3,0,3,2,-10.0,24.0
ABA League,aba_league,2025,14397589,14,2026-01-10,Igokea m:tel,L,UBT,14185,Nighael Ceaser,4,True,1303,21.72,10,4,7,0,0,2,2,1,0,1,2,1,0,0,5,3.0,6.0
ABA League,aba_league,2025,14397598,15,2026-01-17,BC Dubai,L,UBT,6546,Jeff Taylor,44,False,710,11.83,0,0,0,0,0,0,0,1,0,1,1,0,0,0,3,2.0,-1.0
ABA League,aba_league,2025,14397598,15,2026-01-17,BC Dubai,L,UBT,9896,Dušan Miletić,10,True,1414,23.57,13,3,3,1,1,4,6,6,4,2,4,1,1,3,3,-10.0,17.0
ABA League,aba_league,2025,14397598,15,2026-01-17,BC Dubai,L,UBT,11797,Karel Guzman,0,True,1756,29.27,11,1,3,3,5,0,0,4,1,3,1,0,0,2,1,-15.0,9.0
ABA League,aba_league,2025,14397598,15,2026-01-17,BC Dubai,L,UBT,11801,Patrick Richard,35,False,415,6.92,1,0,1,0,1,1,1,0,0,0,0,1,0,0,0,8.0,0.0
ABA League,aba_league,2025,14397598,15,2026-01-17,BC Dubai,L,UBT,13251,Trey Woodbury,22,True,1597,26.62,12,1,2,3,4,1,2,1,0,1,3,0,0,2,2,-11.0,9.0
ABA League,aba_league,2025,14397598,15,2026-01-17,BC Dubai,L,UBT,13926,Iverson Molinar,1,False,1294,21.57,3,1,4,0,1,1,2,2,1,1,5,0,1,2,1,-9.0,3.0
ABA League,aba_league,2025,14397598,15,2026-01-17,BC Dubai,L,UBT,13927,Mitch Creek,55,True,1986,33.1,33,6,7,4,4,9,11,3,0,3,3,1,0,0,4,-20.0,33.0
ABA League,aba_league,2025,14397598,15,2026-01-17,BC Dubai,L,UBT,13943,Fatts Russell,11,True,1606,26.77,12,6,13,0,4,0,0,2,2,0,4,2,0,2,3,-23.0,4.0
ABA League,aba_league,2025,14397598,15,2026-01-17,BC Dubai,L,UBT,14185,Nighael Ceaser,4,False,1218,20.3,8,3,3,0,0,2,2,7,1,6,1,0,0,1,2,-7.0,13.0
ABA League,aba_league,2025,14397597,17,2026-01-31,KK Partizan Mozzart Bet,L,UBT,1694,Saulius Kulvietis,7,False,721,12.02,3,1,2,0,1,1,1,3,1,2,1,0,0,0,1,8.0,4.0
ABA League,aba_league,2025,14397597,17,2026-01-31,KK Partizan Mozzart Bet,L,UBT,2875,Ben Altit,8,False,385,6.42,2,1,2,0,1,0,0,2,2,0,0,0,0,0,0,-2.0,2.0
ABA League,aba_league,2025,14397597,17,2026-01-31,KK Partizan Mozzart Bet,L,UBT,6546,Jeff Taylor,44,True,1254,20.9,3,1,1,0,1,1,2,2,2,0,1,1,0,1,4,-12.0,0.0
ABA League,aba_league,2025,14397597,17,2026-01-31,KK Partizan Mozzart Bet,L,UBT,9896,Dušan Miletić,10,True,1039,17.32,8,3,3,0,2,2,2,7,2,5,2,1,0,1,2,-24.0,13.0
ABA League,aba_league,2025,14397597,17,2026-01-31,KK Partizan Mozzart Bet,L,UBT,11797,Karel Guzman,0,True,897,14.95,3,0,0,1,4,0,0,1,0,1,1,0,0,2,2,-9.0,-2.0
ABA League,aba_league,2025,14397597,17,2026-01-31,KK Partizan Mozzart Bet,L,UBT,11801,Patrick Richard,35,False,325,5.42,2,1,1,0,1,0,0,0,0,0,1,1,0,0,1,-8.0,2.0
ABA League,aba_league,2025,14397597,17,2026-01-31,KK Partizan Mozzart Bet,L,UBT,13251,Trey Woodbury,22,False,1540,25.67,13,2,3,3,4,0,0,3,0,3,1,1,0,1,0,0.0,15.0
ABA League,aba_league,2025,14397597,17,2026-01-31,KK Partizan Mozzart Bet,L,UBT,13926,Iverson Molinar,1,False,1000,16.67,9,2,4,1,3,2,2,1,0,1,3,0,0,6,3,-9.0,0.0
ABA League,aba_league,2025,14397597,17,2026-01-31,KK Partizan Mozzart Bet,L,UBT,13927,Mitch Creek,55,True,1613,26.88,10,3,6,1,2,1,2,2,0,2,1,2,0,3,4,-1.0,3.0
ABA League,aba_league,2025,14397597,17,2026-01-31,KK Partizan Mozzart Bet,L,UBT,13943,Fatts Russell,11,True,1882,31.37,19,4,7,2,4,5,5,1,0,1,6,1,0,5,1,-6.0,16.0
ABA League,aba_league,2025,14397597,17,2026-01-31,KK Partizan Mozzart Bet,L,UBT,14185,Nighael Ceaser,4,False,1337,22.28,7,3,5,0,0,1,1,4,1,3,2,2,0,2,5,8.0,6.0
ABA League,aba_league,2025,14949152,18,2026-02-07,KK Borac Mozzart,W,UBT,1694,Saulius Kulvietis,7,False,628,10.47,3,0,1,1,1,0,0,2,1,1,2,0,0,1,3,2.0,2.0
ABA League,aba_league,2025,14949152,18,2026-02-07,KK Borac Mozzart,W,UBT,2875,Ben Altit,8,True,705,11.75,2,1,1,0,0,0,0,2,1,1,1,1,0,2,3,-6.0,1.0
ABA League,aba_league,2025,14949152,18,2026-02-07,KK Borac Mozzart,W,UBT,9896,Dušan Miletić,10,True,1083,18.05,13,6,8,0,0,1,1,7,4,3,1,1,2,3,4,3.0,15.0
ABA League,aba_league,2025,14949152,18,2026-02-07,KK Borac Mozzart,W,UBT,11801,Patrick Richard,35,False,1456,24.27,10,1,1,2,4,2,3,4,2,2,3,0,1,1,4,13.0,10.0
ABA League,aba_league,2025,14949152,18,2026-02-07,KK Borac Mozzart,W,UBT,13251,Trey Woodbury,22,False,1584,26.4,12,3,3,2,3,0,0,6,1,5,2,1,0,5,3,11.0,12.0
ABA League,aba_league,2025,14949152,18,2026-02-07,KK Borac Mozzart,W,UBT,13303,Darius Miron,6,True,1306,21.77,8,1,1,2,6,0,0,4,2,2,1,0,0,0,1,3.0,8.0
ABA League,aba_league,2025,14949152,18,2026-02-07,KK Borac Mozzart,W,UBT,13926,Iverson Molinar,1,True,1831,30.52,7,3,11,0,3,1,2,2,1,1,3,4,0,6,2,-5.0,-4.0
ABA League,aba_league,2025,14949152,18,2026-02-07,KK Borac Mozzart,W,UBT,13927,Mitch Creek,44,True,1912,31.87,20,6,10,1,4,5,6,4,1,3,2,3,0,2,1,11.0,18.0
ABA League,aba_league,2025,14949152,18,2026-02-07,KK Borac Mozzart,W,UBT,14185,Nighael Ceaser,4,False,1492,24.87,18,7,9,0,0,4,4,8,3,5,1,0,4,2,0,-2.0,27.0
ABA League,aba_league,2025,15485269,2,2026-03-08,KK Crvena zvezda,L,UBT,1694,Saulius Kulvietis,7,False,293,4.88,0,0,0,0,1,0,0,1,0,1,0,0,0,0,0,-3.0,0.0
ABA League,aba_league,2025,15485269,2,2026-03-08,KK Crvena zvezda,L,UBT,6546,Jeff Taylor,44,False,1164,19.4,6,0,0,2,3,0,0,2,0,2,2,1,0,0,1,-11.0,9.0
ABA League,aba_league,2025,15485269,2,2026-03-08,KK Crvena zvezda,L,UBT,9896,Dušan Miletić,10,True,1426,23.77,10,5,7,0,1,0,1,4,1,3,3,1,3,2,1,-11.0,14.0
ABA League,aba_league,2025,15485269,2,2026-03-08,KK Crvena zvezda,L,UBT,11797,Karel Guzman,0,True,1119,18.65,3,1,4,0,4,1,1,2,1,1,3,2,0,1,3,-9.0,-1.0
ABA League,aba_league,2025,15485269,2,2026-03-08,KK Crvena zvezda,L,UBT,11801,Patrick Richard,35,False,618,10.3,0,0,0,0,2,0,0,2,0,2,1,2,0,1,1,-15.0,1.0
ABA League,aba_league,2025,15485269,2,2026-03-08,KK Crvena zvezda,L,UBT,13251,Trey Woodbury,22,False,1062,17.7,11,3,3,1,4,2,2,1,1,0,1,1,0,1,1,-12.0,9.0
ABA League,aba_league,2025,15485269,2,2026-03-08,KK Crvena zvezda,L,UBT,13926,Iverson Molinar,1,True,1663,27.72,25,4,6,3,4,8,8,1,0,1,2,1,0,1,2,3.0,23.0
ABA League,aba_league,2025,15485269,2,2026-03-08,KK Crvena zvezda,L,UBT,13927,Mitch Creek,55,True,1723,28.72,10,2,2,0,2,6,6,3,2,1,3,1,0,3,3,2.0,9.0
ABA League,aba_league,2025,15485269,2,2026-03-08,KK Crvena zvezda,L,UBT,13943,Fatts Russell,11,True,1642,27.37,14,3,7,2,7,2,4,4,1,3,4,0,0,2,3,6.0,6.0
ABA League,aba_league,2025,15485269,2,2026-03-08,KK Crvena zvezda,L,UBT,14185,Nighael Ceaser,4,False,1288,21.47,6,3,8,0,1,0,0,8,4,4,0,0,0,1,3,-10.0,4.0
ABA League,aba_league,2025,15485273,3,2026-03-14,KK Budućnost VOLI,L,UBT,1694,Saulius Kulvietis,7,False,178,2.97,0,0,0,0,0,0,0,0,0,0,0,0,0,0,1,0.0,-1.0
ABA League,aba_league,2025,15485273,3,2026-03-14,KK Budućnost VOLI,L,UBT,2875,Ben Altit,8,False,196,3.27,0,0,0,0,0,0,0,0,0,0,0,0,0,1,1,-2.0,-2.0
ABA League,aba_league,2025,15485273,3,2026-03-14,KK Budućnost VOLI,L,UBT,6546,Jeff Taylor,44,True,700,11.67,2,1,1,0,2,0,0,2,1,1,0,0,0,0,1,-7.0,1.0
ABA League,aba_league,2025,15485273,3,2026-03-14,KK Budućnost VOLI,L,UBT,9896,Dušan Miletić,10,False,1497,24.95,9,3,6,1,1,0,0,14,3,11,6,1,1,2,4,10.0,22.0
ABA League,aba_league,2025,15485273,3,2026-03-14,KK Budućnost VOLI,L,UBT,11797,Karel Guzman,0,False,1416,23.6,19,5,8,3,6,0,1,3,1,2,1,3,0,1,3,2.0,15.0
ABA League,aba_league,2025,15485273,3,2026-03-14,KK Budućnost VOLI,L,UBT,11801,Patrick Richard,35,False,1020,17.0,3,0,0,1,4,0,0,5,1,4,3,0,0,1,3,6.0,4.0
ABA League,aba_league,2025,15485273,3,2026-03-14,KK Budućnost VOLI,L,UBT,13251,Trey Woodbury,22,False,1697,28.28,13,2,3,3,5,0,0,2,0,2,7,1,0,3,4,-3.0,13.0
ABA League,aba_league,2025,15485273,3,2026-03-14,KK Budućnost VOLI,L,UBT,13926,Iverson Molinar,1,True,1312,21.87,8,3,4,0,3,2,2,0,0,0,2,1,0,1,4,-14.0,2.0
ABA League,aba_league,2025,15485273,3,2026-03-14,KK Budućnost VOLI,L,UBT,13927,Mitch Creek,55,True,1398,23.3,13,4,6,1,3,2,4,3,2,1,0,1,0,4,3,-14.0,4.0
ABA League,aba_league,2025,15485273,3,2026-03-14,KK Budućnost VOLI,L,UBT,13943,Fatts Russell,11,True,1300,21.67,16,2,7,3,4,3,4,0,0,0,4,1,1,3,4,-1.0,8.0
ABA League,aba_league,2025,15485273,3,2026-03-14,KK Budućnost VOLI,L,UBT,14185,Nighael Ceaser,4,True,1282,21.37,6,3,3,0,0,0,0,1,1,0,0,3,0,2,3,-2.0,5.0
ABA League,aba_league,2025,15485278,4,2026-03-22,KK Bosna,W,UBT,1694,Saulius Kulvietis,7,False,512,8.53,2,1,2,0,1,0,0,1,1,0,0,1,0,0,1,-6.0,1.0
ABA League,aba_league,2025,15485278,4,2026-03-22,KK Bosna,W,UBT,2875,Ben Altit,8,False,570,9.5,2,1,1,0,0,0,0,2,0,2,0,0,0,1,3,17.0,0.0
ABA League,aba_league,2025,15485278,4,2026-03-22,KK Bosna,W,UBT,6546,Jeff Taylor,44,True,1837,30.62,3,0,1,1,3,0,0,3,2,1,2,2,0,0,5,3.0,2.0
ABA League,aba_league,2025,15485278,4,2026-03-22,KK Bosna,W,UBT,9896,Dušan Miletić,10,True,1164,19.4,7,3,5,0,1,1,2,5,2,3,3,0,1,1,3,-3.0,8.0
ABA League,aba_league,2025,15485278,4,2026-03-22,KK Bosna,W,UBT,11797,Karel Guzman,0,True,309,5.15,5,1,2,1,1,0,0,3,2,1,0,1,0,2,0,-7.0,6.0
ABA League,aba_league,2025,15485278,4,2026-03-22,KK Bosna,W,UBT,11801,Patrick Richard,35,False,1797,29.95,12,2,2,2,8,2,2,5,0,5,4,0,0,0,3,6.0,12.0
ABA League,aba_league,2025,15485278,4,2026-03-22,KK Bosna,W,UBT,13303,Darius Miron,6,False,540,9.0,3,0,2,1,3,0,0,3,2,1,0,0,0,0,0,3.0,2.0
ABA League,aba_league,2025,15485278,4,2026-03-22,KK Bosna,W,UBT,13926,Iverson Molinar,1,False,804,13.4,7,1,3,1,3,2,3,1,0,1,1,0,0,2,0,-8.0,2.0
ABA League,aba_league,2025,15485278,4,2026-03-22,KK Bosna,W,UBT,13927,Mitch Creek,55,True,1821,30.35,23,4,5,1,3,12,12,6,3,3,1,1,0,6,5,3.0,17.0
ABA League,aba_league,2025,15485278,4,2026-03-22,KK Bosna,W,UBT,13943,Fatts Russell,11,True,1769,29.48,25,0,3,7,10,4,6,0,0,0,6,1,0,2,4,16.0,18.0
ABA League,aba_league,2025,15485278,4,2026-03-22,KK Bosna,W,UBT,14185,Nighael Ceaser,4,False,874,14.57,4,2,5,0,0,0,0,3,1,2,1,0,1,3,1,-9.0,2.0
ABA League,aba_league,2025,15485268,1,2026-03-25,KK Cedevita Olimpija,W,UBT,1694,Saulius Kulvietis,7,True,1656,27.6,3,0,0,1,3,0,0,6,1,5,4,0,1,0,3,1.0,9.0
ABA League,aba_league,2025,15485268,1,2026-03-25,KK Cedevita Olimpija,W,UBT,2875,Ben Altit,8,False,1171,19.52,8,3,5,0,2,2,3,2,1,1,1,0,0,0,2,0.0,4.0
ABA League,aba_league,2025,15485268,1,2026-03-25,KK Cedevita Olimpija,W,UBT,9896,Dušan Miletić,10,True,880,14.67,18,7,9,0,0,4,7,5,2,3,1,0,1,3,4,1.0,13.0
ABA League,aba_league,2025,15485268,1,2026-03-25,KK Cedevita Olimpija,W,UBT,11801,Patrick Richard,35,True,1684,28.07,4,2,3,0,5,0,0,3,1,2,3,0,0,1,2,-4.0,1.0
ABA League,aba_league,2025,15485268,1,2026-03-25,KK Cedevita Olimpija,W,UBT,13303,Darius Miron,6,False,1042,17.37,0,0,0,0,1,0,0,3,1,2,0,0,0,2,1,-2.0,-1.0
ABA League,aba_league,2025,15485268,1,2026-03-25,KK Cedevita Olimpija,W,UBT,13927,Mitch Creek,55,True,2221,37.02,28,9,14,1,3,7,9,4,3,1,2,1,0,0,1,1.0,25.0
ABA League,aba_league,2025,15485268,1,2026-03-25,KK Cedevita Olimpija,W,UBT,13943,Fatts Russell,11,True,2195,36.58,27,3,7,5,8,6,10,7,1,6,13,0,0,6,4,11.0,26.0
ABA League,aba_league,2025,15485268,1,2026-03-25,KK Cedevita Olimpija,W,UBT,14185,Nighael Ceaser,4,False,1148,19.13,10,5,5,0,0,0,0,9,1,8,0,1,1,1,5,7.0,15.0
ABA League,aba_league,2025,15485282,5,2026-03-28,KK Cedevita Olimpija,W,UBT,1694,Saulius Kulvietis,7,True,1498,24.97,15,0,0,5,7,0,0,1,1,0,2,0,0,1,2,6.0,13.0
ABA League,aba_league,2025,15485282,5,2026-03-28,KK Cedevita Olimpija,W,UBT,2875,Ben Altit,8,False,613,10.22,0,0,0,0,1,0,0,0,0,0,1,0,0,0,0,-2.0,0.0
ABA League,aba_league,2025,15485282,5,2026-03-28,KK Cedevita Olimpija,W,UBT,9896,Dušan Miletić,10,True,2004,33.4,14,7,10,0,0,0,4,12,3,9,4,2,3,3,3,11.0,22.0
ABA League,aba_league,2025,15485282,5,2026-03-28,KK Cedevita Olimpija,W,UBT,13303,Darius Miron,6,False,193,3.22,0,0,0,0,0,0,0,0,0,0,0,0,0,1,0,-2.0,-1.0
ABA League,aba_league,2025,15485282,5,2026-03-28,KK Cedevita Olimpija,W,UBT,13926,Iverson Molinar,1,True,2109,35.15,21,6,8,1,3,6,7,8,1,7,5,0,0,2,3,16.0,24.0
ABA League,aba_league,2025,15485282,5,2026-03-28,KK Cedevita Olimpija,W,UBT,13927,Mitch Creek,55,True,2044,34.07,14,2,2,2,6,4,5,8,1,7,3,1,0,4,4,19.0,13.0
ABA League,aba_league,2025,15485282,5,2026-03-28,KK Cedevita Olimpija,W,UBT,13943,Fatts Russell,11,True,2024,33.73,3,0,2,0,9,3,6,0,0,0,3,0,1,1,4,9.0,-12.0
ABA League,aba_league,2025,15485282,5,2026-03-28,KK Cedevita Olimpija,W,UBT,14185,Nighael Ceaser,4,False,1512,25.2,17,5,6,1,2,4,6,4,2,2,2,1,0,0,5,3.0,15.0
ABA League,aba_league,2025,15485264,6,2026-04-05,KK Bosna,L,UBT,1694,Saulius Kulvietis,7,True,789,13.15,2,0,1,0,3,2,2,1,0,1,1,2,0,0,0,-3.0,2.0
ABA League,aba_league,2025,15485264,6,2026-04-05,KK Bosna,L,UBT,2875,Ben Altit,8,False,295,4.92,2,1,1,0,0,0,0,2,1,1,0,0,0,1,1,0.0,2.0
ABA League,aba_league,2025,15485264,6,2026-04-05,KK Bosna,L,UBT,6546,Jeff Taylor,44,False,1332,22.2,8,4,4,0,0,0,0,1,0,1,1,2,1,1,4,-14.0,8.0
ABA League,aba_league,2025,15485264,6,2026-04-05,KK Bosna,L,UBT,9896,Dušan Miletić,10,True,1573,26.22,13,6,7,0,0,1,2,8,3,5,4,2,3,2,1,3.0,25.0
ABA League,aba_league,2025,15485264,6,2026-04-05,KK Bosna,L,UBT,13251,Trey Woodbury,22,False,1144,19.07,5,1,2,1,4,0,0,1,0,1,0,0,0,0,2,-2.0,0.0
ABA League,aba_league,2025,15485264,6,2026-04-05,KK Bosna,L,UBT,13303,Darius Miron,6,False,500,8.33,0,0,0,0,2,0,0,0,0,0,1,0,0,0,2,-4.0,-3.0
ABA League,aba_league,2025,15485264,6,2026-04-05,KK Bosna,L,UBT,13926,Iverson Molinar,1,True,1677,27.95,14,5,10,0,3,4,5,0,0,0,4,1,0,4,1,-9.0,5.0
ABA League,aba_league,2025,15485264,6,2026-04-05,KK Bosna,L,UBT,13927,Mitch Creek,55,True,1746,29.1,16,4,5,1,1,5,5,3,2,1,0,0,0,1,1,4.0,16.0
ABA League,aba_league,2025,15485264,6,2026-04-05,KK Bosna,L,UBT,13943,Fatts Russell,11,True,1940,32.33,23,2,5,5,10,4,6,2,0,2,7,1,1,3,3,-1.0,18.0
ABA League,aba_league,2025,15485264,6,2026-04-05,KK Bosna,L,UBT,14185,Nighael Ceaser,4,False,1001,16.68,7,2,3,0,1,3,4,5,0,5,1,0,0,1,3,-14.0,6.0
ABA League,aba_league,2025,15485272,7,2026-04-13,KK Crvena zvezda,L,UBT,1694,Saulius Kulvietis,7,False,343,5.72,0,0,0,0,0,0,0,0,0,0,0,0,0,1,0,-13.0,-1.0
ABA League,aba_league,2025,15485272,7,2026-04-13,KK Crvena zvezda,L,UBT,2875,Ben Altit,8,False,480,8.0,0,0,1,0,0,0,0,2,2,0,0,1,0,0,0,0.0,2.0
ABA League,aba_league,2025,15485272,7,2026-04-13,KK Crvena zvezda,L,UBT,6546,Jeff Taylor,44,False,1495,24.92,2,1,3,0,2,0,0,3,0,3,1,2,0,1,3,-21.0,0.0
ABA League,aba_league,2025,15485272,7,2026-04-13,KK Crvena zvezda,L,UBT,9896,Dušan Miletić,10,True,1566,26.1,16,5,8,0,1,6,10,8,1,7,1,1,2,5,4,8.0,11.0
ABA League,aba_league,2025,15485272,7,2026-04-13,KK Crvena zvezda,L,UBT,13251,Trey Woodbury,22,False,909,15.15,2,1,2,0,2,0,0,2,0,2,2,1,0,2,1,-16.0,1.0
ABA League,aba_league,2025,15485272,7,2026-04-13,KK Crvena zvezda,L,UBT,13926,Iverson Molinar,1,True,1890,31.5,16,5,13,1,1,3,3,3,2,1,4,1,0,1,3,3.0,12.0
ABA League,aba_league,2025,15485272,7,2026-04-13,KK Crvena zvezda,L,UBT,13927,Mitch Creek,55,True,2017,33.62,22,3,6,4,6,4,4,5,2,3,2,0,0,2,4,5.0,18.0
ABA League,aba_league,2025,15485272,7,2026-04-13,KK Crvena zvezda,L,UBT,13943,Fatts Russell,11,True,2001,33.35,14,2,5,3,7,1,1,5,0,5,11,2,0,2,3,-7.0,20.0
ABA League,aba_league,2025,15485272,7,2026-04-13,KK Crvena zvezda,L,UBT,14185,Nighael Ceaser,4,True,1296,21.6,4,2,5,0,0,0,1,5,0,5,4,2,0,1,2,-9.0,8.0
ABA League,aba_league,2025,15485284,8,2026-04-19,KK Budućnost VOLI,L,UBT,1694,Saulius Kulvietis,7,True,1429,23.82,11,0,1,3,7,2,2,2,2,0,2,1,0,2,3,-5.0,6.0
ABA League,aba_league,2025,15485284,8,2026-04-19,KK Budućnost VOLI,L,UBT,2875,Ben Altit,8,False,723,12.05,2,1,1,0,0,0,0,0,0,0,0,0,0,1,1,-31.0,0.0
ABA League,aba_league,2025,15485284,8,2026-04-19,KK Budućnost VOLI,L,UBT,6546,Jeff Taylor,44,True,1207,20.12,4,0,0,1,2,1,2,1,1,0,2,2,0,2,4,-12.0,1.0
ABA League,aba_league,2025,15485284,8,2026-04-19,KK Budućnost VOLI,L,UBT,9896,Dušan Miletić,10,True,1384,23.07,11,2,4,1,2,4,4,7,2,5,1,2,0,3,1,-3.0,14.0
ABA League,aba_league,2025,15485284,8,2026-04-19,KK Budućnost VOLI,L,UBT,11797,Karel Guzman,0,False,1372,22.87,11,3,5,1,4,2,2,5,1,4,4,1,0,4,3,-22.0,9.0
ABA League,aba_league,2025,15485284,8,2026-04-19,KK Budućnost VOLI,L,UBT,12684,Alexis Petric,12,False,619,10.32,3,1,2,0,0,1,2,1,0,1,1,0,0,0,0,-18.0,3.0
ABA League,aba_league,2025,15485284,8,2026-04-19,KK Budućnost VOLI,L,UBT,13251,Trey Woodbury,22,False,1377,22.95,0,0,3,0,2,0,0,0,0,0,2,0,0,1,2,-41.0,-6.0
ABA League,aba_league,2025,15485284,8,2026-04-19,KK Budućnost VOLI,L,UBT,13303,Darius Miron,6,True,462,7.7,2,1,1,0,1,0,0,1,0,1,0,1,0,0,1,-7.0,2.0
ABA League,aba_league,2025,15485284,8,2026-04-19,KK Budućnost VOLI,L,UBT,13926,Iverson Molinar,1,True,1861,31.02,22,5,8,2,4,6,7,1,1,0,2,0,0,1,1,-13.0,17.0
ABA League,aba_league,2025,15485284,8,2026-04-19,KK Budućnost VOLI,L,UBT,14185,Nighael Ceaser,4,False,1564,26.07,6,3,5,0,2,0,0,3,0,3,1,0,0,1,3,-38.0,2.0
EuroCup,eurocup,2025,2,1,2025-10-01,BAHCESEHIR COLLEGE ISTANBUL,L,UBT,2875,Ben Altit,8,False,224,3.73,2,1,1,0,0,0,0,1,0,1,1,0,0,1,0,0.0,3.0
EuroCup,eurocup,2025,2,1,2025-10-01,BAHCESEHIR COLLEGE ISTANBUL,L,UBT,6546,Jeffery Taylor,44,True,1639,27.32,5,1,1,0,2,3,3,3,0,3,5,3,0,2,3,-4.0,14.0
EuroCup,eurocup,2025,2,1,2025-10-01,BAHCESEHIR COLLEGE ISTANBUL,L,UBT,9896,Dusan Miletic,10,False,1506,25.1,17,5,7,2,2,1,2,7,2,5,5,3,1,1,3,-3.0,27.0
EuroCup,eurocup,2025,2,1,2025-10-01,BAHCESEHIR COLLEGE ISTANBUL,L,UBT,11797,Karel Guzman,0,True,994,16.57,3,0,1,1,4,0,0,0,0,0,2,0,0,2,3,-6.0,-4.0
EuroCup,eurocup,2025,2,1,2025-10-01,BAHCESEHIR COLLEGE ISTANBUL,L,UBT,11801,Patrick Richard,35,False,744,12.4,0,0,1,0,1,0,0,0,0,0,1,0,0,0,1,-13.0,-2.0
EuroCup,eurocup,2025,2,1,2025-10-01,BAHCESEHIR COLLEGE ISTANBUL,L,UBT,12684,Alexis Petric,12,False,0,0.0,0,0,0,0,0,0,0,0,0,0,0,0,0,0,0,0.0,0.0
EuroCup,eurocup,2025,2,1,2025-10-01,BAHCESEHIR COLLEGE ISTANBUL,L,UBT,13251,Trey Woodbury,22,False,846,14.1,4,0,0,1,2,1,2,2,1,1,1,1,0,3,4,-8.0,0.0
EuroCup,eurocup,2025,2,1,2025-10-01,BAHCESEHIR COLLEGE ISTANBUL,L,UBT,13514,Nathan Mensah,31,True,865,14.42,0,0,2,0,0,0,0,1,0,1,1,1,1,0,1,-4.0,1.0
EuroCup,eurocup,2025,2,1,2025-10-01,BAHCESEHIR COLLEGE ISTANBUL,L,UBT,13926,Iverson Molinar,1,False,1764,29.4,20,5,5,2,5,4,4,0,0,0,1,1,0,3,4,-8.0,14.0
EuroCup,eurocup,2025,2,1,2025-10-01,BAHCESEHIR COLLEGE ISTANBUL,L,UBT,13927,Mitchell Creek,55,True,1753,29.22,18,4,5,1,2,7,8,4,2,2,1,0,0,4,3,-1.0,21.0
EuroCup,eurocup,2025,2,1,2025-10-01,BAHCESEHIR COLLEGE ISTANBUL,L,UBT,13935,Andrei Szabo,20,False,0,0.0,0,0,0,0,0,0,0,0,0,0,0,0,0,0,0,0.0,0.0
EuroCup,eurocup,2025,2,1,2025-10-01,BAHCESEHIR COLLEGE ISTANBUL,L,UBT,13943,Daron Russell,11,True,1665,27.75,21,4,5,1,5,10,13,5,0,5,3,2,0,3,5,7.0,22.0
EuroCup,eurocup,2025,15,2,2025-10-07,NEPTUNAS KLAIPEDA,W,UBT,2875,Ben Altit,8,False,0,0.0,0,0,0,0,0,0,0,0,0,0,0,0,0,0,0,0.0,0.0
EuroCup,eurocup,2025,15,2,2025-10-07,NEPTUNAS KLAIPEDA,W,UBT,9896,Dusan Miletic,10,False,1305,21.75,7,2,4,0,0,3,4,6,2,4,2,2,1,1,1,3.0,16.0
EuroCup,eurocup,2025,15,2,2025-10-07,NEPTUNAS KLAIPEDA,W,UBT,11797,Karel Guzman,0,True,1852,30.87,13,2,4,2,8,3,6,5,1,4,4,3,0,3,2,2.0,14.0
EuroCup,eurocup,2025,15,2,2025-10-07,NEPTUNAS KLAIPEDA,W,UBT,11801,Patrick Richard,35,False,1198,19.97,6,0,2,2,3,0,0,3,1,2,1,0,0,0,3,5.0,4.0
EuroCup,eurocup,2025,15,2,2025-10-07,NEPTUNAS KLAIPEDA,W,UBT,12684,Alexis Petric,12,False,0,0.0,0,0,0,0,0,0,0,0,0,0,0,0,0,0,0,0.0,0.0
EuroCup,eurocup,2025,15,2,2025-10-07,NEPTUNAS KLAIPEDA,W,UBT,13251,Trey Woodbury,22,True,1044,17.4,2,0,1,0,0,2,2,0,0,0,2,2,0,2,3,-2.0,1.0
EuroCup,eurocup,2025,15,2,2025-10-07,NEPTUNAS KLAIPEDA,W,UBT,13514,Nathan Mensah,31,True,1351,22.52,15,6,10,0,0,3,5,13,6,7,1,0,2,1,3,-4.0,26.0
EuroCup,eurocup,2025,15,2,2025-10-07,NEPTUNAS KLAIPEDA,W,UBT,13926,Iverson Molinar,1,True,1325,22.08,7,2,4,0,1,3,4,3,1,2,2,0,0,0,3,5.0,7.0
EuroCup,eurocup,2025,15,2,2025-10-07,NEPTUNAS KLAIPEDA,W,UBT,13927,Mitchell Creek,55,True,1946,32.43,20,8,10,0,3,4,5,4,3,1,2,2,0,1,3,10.0,21.0
EuroCup,eurocup,2025,15,2,2025-10-07,NEPTUNAS KLAIPEDA,W,UBT,13936,Tudor Tancau,32,False,0,0.0,0,0,0,0,0,0,0,0,0,0,0,0,0,0,0,0.0,0.0
EuroCup,eurocup,2025,15,2,2025-10-07,NEPTUNAS KLAIPEDA,W,UBT,13943,Daron Russell,11,False,1979,32.98,37,4,10,7,13,8,9,1,0,1,5,2,0,4,2,6.0,38.0
EuroCup,eurocup,2025,21,3,2025-10-15,SLASK WROCLAW,L,UBT,1694,Saulius Kulvietis,7,False,656,10.93,6,0,0,2,3,0,0,1,0,1,3,0,0,0,2,-5.0,7.0
EuroCup,eurocup,2025,21,3,2025-10-15,SLASK WROCLAW,L,UBT,2875,Ben Altit,8,False,165,2.75,0,0,0,0,0,0,0,0,0,0,0,0,0,1,1,-4.0,-2.0
EuroCup,eurocup,2025,21,3,2025-10-15,SLASK WROCLAW,L,UBT,6546,Jeffery Taylor,44,True,1786,29.77,3,0,0,1,4,0,0,0,0,0,0,3,2,0,5,19.0,2.0
EuroCup,eurocup,2025,21,3,2025-10-15,SLASK WROCLAW,L,UBT,9896,Dusan Miletic,10,False,1420,23.67,13,4,10,0,1,5,7,13,5,8,1,3,0,2,2,6.0,21.0
EuroCup,eurocup,2025,21,3,2025-10-15,SLASK WROCLAW,L,UBT,11797,Karel Guzman,0,False,0,0.0,0,0,0,0,0,0,0,0,0,0,0,0,0,0,0,0.0,0.0
EuroCup,eurocup,2025,21,3,2025-10-15,SLASK WROCLAW,L,UBT,11801,Patrick Richard,35,True,1650,27.5,9,1,1,2,6,1,1,4,1,3,3,0,0,3,1,-1.0,8.0
EuroCup,eurocup,2025,21,3,2025-10-15,SLASK WROCLAW,L,UBT,12684,Alexis Petric,12,False,0,0.0,0,0,0,0,0,0,0,0,0,0,0,0,0,0,0,0.0,0.0
EuroCup,eurocup,2025,21,3,2025-10-15,SLASK WROCLAW,L,UBT,13251,Trey Woodbury,22,False,1621,27.02,20,4,8,4,6,0,0,3,0,3,1,3,0,4,0,-6.0,17.0
EuroCup,eurocup,2025,21,3,2025-10-15,SLASK WROCLAW,L,UBT,13514,Nathan Mensah,31,True,917,15.28,3,1,2,0,0,1,2,5,0,5,0,0,0,1,1,-5.0,5.0
EuroCup,eurocup,2025,21,3,2025-10-15,SLASK WROCLAW,L,UBT,13927,Mitchell Creek,55,True,1920,32.0,18,7,10,1,1,1,3,3,1,2,1,0,0,1,1,-7.0,17.0
EuroCup,eurocup,2025,21,3,2025-10-15,SLASK WROCLAW,L,UBT,13943,Daron Russell,11,True,1865,31.08,21,3,5,2,11,9,10,8,2,6,15,1,1,5,4,-2.0,30.0
EuroCup,eurocup,2025,35,4,2025-10-22,UMANA REYER VENICE,W,UBT,1694,Saulius Kulvietis,7,False,591,9.85,3,0,0,0,1,3,3,0,0,0,0,0,0,1,0,-3.0,2.0
EuroCup,eurocup,2025,35,4,2025-10-22,UMANA REYER VENICE,W,UBT,2875,Ben Altit,8,False,82,1.37,0,0,0,0,0,0,0,0,0,0,0,0,0,0,1,-1.0,-1.0
EuroCup,eurocup,2025,35,4,2025-10-22,UMANA REYER VENICE,W,UBT,6546,Jeffery Taylor,44,True,1738,28.97,5,1,5,1,3,0,0,5,3,2,0,2,1,1,3,9.0,0.0
EuroCup,eurocup,2025,35,4,2025-10-22,UMANA REYER VENICE,W,UBT,9896,Dusan Miletic,10,True,1463,24.38,17,7,8,0,2,3,5,13,6,7,3,0,2,2,2,-2.0,31.0
EuroCup,eurocup,2025,35,4,2025-10-22,UMANA REYER VENICE,W,UBT,11797,Karel Guzman,0,False,1607,26.78,17,2,3,3,5,4,5,10,2,8,2,1,0,2,2,-2.0,29.0
EuroCup,eurocup,2025,35,4,2025-10-22,UMANA REYER VENICE,W,UBT,11801,Patrick Richard,35,False,611,10.18,0,0,1,0,3,0,0,0,0,0,2,0,0,2,2,-5.0,-7.0
EuroCup,eurocup,2025,35,4,2025-10-22,UMANA REYER VENICE,W,UBT,13251,Trey Woodbury,22,True,1198,19.97,5,1,1,1,2,0,0,5,1,4,1,0,0,2,2,0.0,7.0
EuroCup,eurocup,2025,35,4,2025-10-22,UMANA REYER VENICE,W,UBT,13514,Nathan Mensah,31,False,697,11.62,0,0,2,0,0,0,0,2,0,2,0,1,0,0,0,-3.0,1.0
EuroCup,eurocup,2025,35,4,2025-10-22,UMANA REYER VENICE,W,UBT,13926,Iverson Molinar,1,False,1703,28.38,22,5,10,2,3,6,7,4,2,2,1,1,0,4,1,2.0,18.0
EuroCup,eurocup,2025,35,4,2025-10-22,UMANA REYER VENICE,W,UBT,13927,Mitchell Creek,55,True,2047,34.12,16,6,9,1,4,1,4,6,4,2,3,0,1,3,4,9.0,14.0
EuroCup,eurocup,2025,35,4,2025-10-22,UMANA REYER VENICE,W,UBT,13936,Tudor Tancau,32,False,0,0.0,0,0,0,0,0,0,0,0,0,0,0,0,0,0,0,0.0,0.0
EuroCup,eurocup,2025,35,4,2025-10-22,UMANA REYER VENICE,W,UBT,13943,Daron Russell,11,True,1763,29.38,18,3,9,3,6,3,6,2,0,2,6,0,0,2,5,1.0,12.0
EuroCup,eurocup,2025,42,5,2025-10-28,VEOLIA TOWERS HAMBURG,W,UBT,1694,Saulius Kulvietis,7,False,205,3.42,0,0,0,0,1,0,0,0,0,0,0,0,0,0,2,-1.0,-3.0
EuroCup,eurocup,2025,42,5,2025-10-28,VEOLIA TOWERS HAMBURG,W,UBT,2875,Ben Altit,8,False,0,0.0,0,0,0,0,0,0,0,0,0,0,0,0,0,0,0,0.0,0.0
EuroCup,eurocup,2025,42,5,2025-10-28,VEOLIA TOWERS HAMBURG,W,UBT,6546,Jeffery Taylor,44,True,1138,18.97,4,2,2,0,3,0,0,6,2,4,3,1,0,1,5,10.0,6.0
EuroCup,eurocup,2025,42,5,2025-10-28,VEOLIA TOWERS HAMBURG,W,UBT,9896,Dusan Miletic,10,True,1148,19.13,15,7,11,0,0,1,2,6,1,5,1,1,3,1,0,16.0,20.0
EuroCup,eurocup,2025,42,5,2025-10-28,VEOLIA TOWERS HAMBURG,W,UBT,11797,Karel Guzman,0,False,1347,22.45,11,1,2,3,7,0,0,3,0,3,1,3,0,1,2,14.0,11.0
EuroCup,eurocup,2025,42,5,2025-10-28,VEOLIA TOWERS HAMBURG,W,UBT,11801,Patrick Richard,35,False,1083,18.05,6,0,0,2,4,0,0,3,1,2,5,1,0,2,1,10.0,10.0
EuroCup,eurocup,2025,42,5,2025-10-28,VEOLIA TOWERS HAMBURG,W,UBT,13251,Trey Woodbury,22,False,1262,21.03,9,1,3,2,3,1,2,1,0,1,1,1,0,2,2,9.0,5.0
EuroCup,eurocup,2025,42,5,2025-10-28,VEOLIA TOWERS HAMBURG,W,UBT,13514,Nathan Mensah,31,False,1252,20.87,6,3,3,0,0,0,0,7,1,6,1,0,3,1,4,3.0,12.0
EuroCup,eurocup,2025,42,5,2025-10-28,VEOLIA TOWERS HAMBURG,W,UBT,13926,Iverson Molinar,1,True,1378,22.97,9,4,9,0,1,1,1,0,0,0,3,1,0,2,0,22.0,6.0
EuroCup,eurocup,2025,42,5,2025-10-28,VEOLIA TOWERS HAMBURG,W,UBT,13927,Mitchell Creek,55,True,1470,24.5,9,4,4,0,1,1,2,5,2,3,3,0,0,1,1,10.0,18.0
EuroCup,eurocup,2025,42,5,2025-10-28,VEOLIA TOWERS HAMBURG,W,UBT,13936,Tudor Tancau,32,False,0,0.0,0,0,0,0,0,0,0,0,0,0,0,0,0,0,0,0.0,0.0
EuroCup,eurocup,2025,42,5,2025-10-28,VEOLIA TOWERS HAMBURG,W,UBT,13943,Daron Russell,11,True,1717,28.62,26,4,7,5,10,3,7,5,0,5,4,1,0,5,1,2.0,23.0
EuroCup,eurocup,2025,54,6,2025-11-05,CEDEVITA OLIMPIJA LJUBLJANA,L,UBT,1694,Saulius Kulvietis,7,False,110,1.83,0,0,0,0,0,0,0,0,0,0,0,0,0,1,1,2.0,-2.0
EuroCup,eurocup,2025,54,6,2025-11-05,CEDEVITA OLIMPIJA LJUBLJANA,L,UBT,2875,Ben Altit,8,False,130,2.17,0,0,0,0,0,0,0,0,0,0,0,0,0,0,1,-6.0,-1.0
EuroCup,eurocup,2025,54,6,2025-11-05,CEDEVITA OLIMPIJA LJUBLJANA,L,UBT,6546,Jeffery Taylor,44,True,771,12.85,0,0,0,0,2,0,0,1,0,1,1,0,0,1,2,3.0,-1.0
EuroCup,eurocup,2025,54,6,2025-11-05,CEDEVITA OLIMPIJA LJUBLJANA,L,UBT,9896,Dusan Miletic,10,True,863,14.38,13,4,5,0,0,5,9,4,0,4,0,1,1,1,5,10.0,14.0
EuroCup,eurocup,2025,54,6,2025-11-05,CEDEVITA OLIMPIJA LJUBLJANA,L,UBT,11797,Karel Guzman,0,False,1384,23.07,4,2,4,0,1,0,2,4,1,3,0,0,0,3,2,3.0,-2.0
EuroCup,eurocup,2025,54,6,2025-11-05,CEDEVITA OLIMPIJA LJUBLJANA,L,UBT,11801,Patrick Richard,35,False,849,14.15,1,0,0,0,2,1,1,3,0,3,2,1,1,1,2,1.0,3.0
EuroCup,eurocup,2025,54,6,2025-11-05,CEDEVITA OLIMPIJA LJUBLJANA,L,UBT,13251,Trey Woodbury,22,True,1387,23.12,9,4,4,0,1,1,2,1,0,1,2,0,0,1,4,-11.0,7.0
EuroCup,eurocup,2025,54,6,2025-11-05,CEDEVITA OLIMPIJA LJUBLJANA,L,UBT,13303,Darius Miron,6,False,0,0.0,0,0,0,0,0,0,0,0,0,0,0,0,0,0,0,0.0,0.0
EuroCup,eurocup,2025,54,6,2025-11-05,CEDEVITA OLIMPIJA LJUBLJANA,L,UBT,13514,Nathan Mensah,31,False,1250,20.83,6,2,4,0,0,2,5,9,3,6,0,0,1,2,4,-4.0,8.0
EuroCup,eurocup,2025,54,6,2025-11-05,CEDEVITA OLIMPIJA LJUBLJANA,L,UBT,13926,Iverson Molinar,1,False,1503,25.05,19,7,10,1,3,2,3,3,0,3,4,0,0,3,3,-9.0,17.0
EuroCup,eurocup,2025,54,6,2025-11-05,CEDEVITA OLIMPIJA LJUBLJANA,L,UBT,13927,Mitchell Creek,55,True,2064,34.4,14,3,5,2,3,2,2,4,1,3,2,0,0,0,2,-9.0,19.0
EuroCup,eurocup,2025,54,6,2025-11-05,CEDEVITA OLIMPIJA LJUBLJANA,L,UBT,13943,Daron Russell,11,True,1689,28.15,21,5,8,1,5,8,10,4,0,4,7,1,0,5,1,-10.0,25.0
EuroCup,eurocup,2025,63,7,2025-11-12,BAXI MANRESA,W,UBT,1694,Saulius Kulvietis,7,True,863,14.38,8,1,3,2,5,0,0,1,0,1,1,0,0,0,2,-2.0,3.0
EuroCup,eurocup,2025,63,7,2025-11-12,BAXI MANRESA,W,UBT,2875,Ben Altit,8,False,109,1.82,0,0,0,0,0,0,0,0,0,0,0,0,0,0,0,3.0,0.0
EuroCup,eurocup,2025,63,7,2025-11-12,BAXI MANRESA,W,UBT,6546,Jeffery Taylor,44,False,1137,18.95,4,1,1,0,0,2,4,2,0,2,2,1,0,1,3,17.0,6.0
EuroCup,eurocup,2025,63,7,2025-11-12,BAXI MANRESA,W,UBT,9896,Dusan Miletic,10,True,1408,23.47,10,5,5,0,0,0,0,12,4,8,2,1,1,1,2,12.0,26.0
EuroCup,eurocup,2025,63,7,2025-11-12,BAXI MANRESA,W,UBT,11797,Karel Guzman,0,True,1394,23.23,9,2,4,1,1,2,4,4,1,3,2,1,0,4,2,5.0,8.0
EuroCup,eurocup,2025,63,7,2025-11-12,BAXI MANRESA,W,UBT,11801,Patrick Richard,35,False,1062,17.7,7,2,2,1,5,0,0,1,0,1,6,2,0,0,2,8.0,11.0
EuroCup,eurocup,2025,63,7,2025-11-12,BAXI MANRESA,W,UBT,12684,Alexis Petric,12,False,67,1.12,0,0,2,0,0,0,0,1,1,0,0,0,0,0,1,0.0,-3.0
EuroCup,eurocup,2025,63,7,2025-11-12,BAXI MANRESA,W,UBT,13251,Trey Woodbury,22,False,1704,28.4,26,5,6,4,8,4,4,1,1,0,4,2,0,2,2,27.0,26.0
EuroCup,eurocup,2025,63,7,2025-11-12,BAXI MANRESA,W,UBT,13303,Darius Miron,6,False,109,1.82,0,0,1,0,0,0,0,0,0,0,0,0,0,0,0,3.0,-1.0
EuroCup,eurocup,2025,63,7,2025-11-12,BAXI MANRESA,W,UBT,13514,Nathan Mensah,31,False,992,16.53,9,3,3,0,0,3,3,8,2,6,1,1,2,2,2,12.0,19.0
EuroCup,eurocup,2025,63,7,2025-11-12,BAXI MANRESA,W,UBT,13927,Mitchell Creek,55,True,1657,27.62,14,5,6,1,2,1,1,1,0,1,2,2,0,2,3,24.0,14.0
EuroCup,eurocup,2025,63,7,2025-11-12,BAXI MANRESA,W,UBT,13943,Daron Russell,11,True,1498,24.97,23,3,10,5,9,2,3,4,1,3,8,0,0,3,1,11.0,23.0
EuroCup,eurocup,2025,73,8,2025-11-18,HAPOEL MIDTOWN JERUSALEM,L,UBT,1694,Saulius Kulvietis,7,True,1201,20.02,18,1,1,5,6,1,2,2,0,2,1,0,0,0,5,3.0,15.0
EuroCup,eurocup,2025,73,8,2025-11-18,HAPOEL MIDTOWN JERUSALEM,L,UBT,2875,Ben Altit,8,False,0,0.0,0,0,0,0,0,0,0,0,0,0,0,0,0,0,0,0.0,0.0
EuroCup,eurocup,2025,73,8,2025-11-18,HAPOEL MIDTOWN JERUSALEM,L,UBT,6546,Jeffery Taylor,44,False,1065,17.75,0,0,1,0,2,0,0,2,1,1,1,1,1,1,1,-1.0,-1.0
EuroCup,eurocup,2025,73,8,2025-11-18,HAPOEL MIDTOWN JERUSALEM,L,UBT,9896,Dusan Miletic,10,True,874,14.57,7,3,4,0,0,1,2,2,1,1,1,0,1,0,4,-18.0,6.0
EuroCup,eurocup,2025,73,8,2025-11-18,HAPOEL MIDTOWN JERUSALEM,L,UBT,11797,Karel Guzman,0,True,1779,29.65,8,1,3,1,4,3,3,2,0,2,1,2,1,0,1,-9.0,13.0
EuroCup,eurocup,2025,73,8,2025-11-18,HAPOEL MIDTOWN JERUSALEM,L,UBT,11801,Patrick Richard,35,False,1191,19.85,6,0,0,2,3,0,0,3,1,2,4,0,0,0,2,2.0,10.0
EuroCup,eurocup,2025,73,8,2025-11-18,HAPOEL MIDTOWN JERUSALEM,L,UBT,12684,Alexis Petric,12,False,0,0.0,0,0,0,0,0,0,0,0,0,0,0,0,0,0,0,0.0,0.0
EuroCup,eurocup,2025,73,8,2025-11-18,HAPOEL MIDTOWN JERUSALEM,L,UBT,13251,Trey Woodbury,22,False,1326,22.1,7,2,3,1,5,0,0,2,1,1,5,1,0,3,1,-16.0,6.0
EuroCup,eurocup,2025,73,8,2025-11-18,HAPOEL MIDTOWN JERUSALEM,L,UBT,13303,Darius Miron,6,False,0,0.0,0,0,0,0,0,0,0,0,0,0,0,0,0,0,0,0.0,0.0
EuroCup,eurocup,2025,73,8,2025-11-18,HAPOEL MIDTOWN JERUSALEM,L,UBT,13514,Nathan Mensah,31,False,656,10.93,2,1,1,0,0,0,0,2,2,0,0,0,0,1,3,-10.0,0.0
EuroCup,eurocup,2025,73,8,2025-11-18,HAPOEL MIDTOWN JERUSALEM,L,UBT,13927,Mitchell Creek,55,True,2057,34.28,26,5,9,2,2,10,10,2,0,2,2,1,2,3,1,-9.0,35.0
EuroCup,eurocup,2025,73,8,2025-11-18,HAPOEL MIDTOWN JERUSALEM,L,UBT,13943,Daron Russell,11,True,1851,30.85,15,3,13,2,9,3,4,3,1,2,6,2,0,1,2,-2.0,6.0
EuroCup,eurocup,2025,84,9,2025-12-04,ARIS THESSALONIKI BETSSON,W,UBT,1694,Saulius Kulvietis,7,True,859,14.32,3,0,1,1,2,0,0,1,0,1,2,1,0,1,3,-1.0,1.0
EuroCup,eurocup,2025,84,9,2025-12-04,ARIS THESSALONIKI BETSSON,W,UBT,2875,Ben Altit,8,False,194,3.23,0,0,0,0,0,0,0,0,0,0,1,0,0,0,0,0.0,1.0
EuroCup,eurocup,2025,84,9,2025-12-04,ARIS THESSALONIKI BETSSON,W,UBT,6546,Jeffery Taylor,44,True,1600,26.67,7,2,2,1,2,0,0,5,2,3,1,0,0,1,4,-2.0,7.0
EuroCup,eurocup,2025,84,9,2025-12-04,ARIS THESSALONIKI BETSSON,W,UBT,9896,Dusan Miletic,10,False,1368,22.8,12,6,9,0,0,0,0,5,1,4,3,1,0,2,5,15.0,11.0
EuroCup,eurocup,2025,84,9,2025-12-04,ARIS THESSALONIKI BETSSON,W,UBT,11801,Patrick Richard,35,False,0,0.0,0,0,0,0,0,0,0,0,0,0,0,0,0,0,0,0.0,0.0
EuroCup,eurocup,2025,84,9,2025-12-04,ARIS THESSALONIKI BETSSON,W,UBT,12684,Alexis Petric,12,False,0,0.0,0,0,0,0,0,0,0,0,0,0,0,0,0,0,0,0.0,0.0
EuroCup,eurocup,2025,84,9,2025-12-04,ARIS THESSALONIKI BETSSON,W,UBT,13251,Trey Woodbury,22,False,1661,27.68,9,3,4,1,2,0,0,3,0,3,4,2,1,4,3,10.0,10.0
EuroCup,eurocup,2025,84,9,2025-12-04,ARIS THESSALONIKI BETSSON,W,UBT,13926,Iverson Molinar,1,True,1867,31.12,18,8,14,0,0,2,2,3,1,2,8,2,1,2,3,10.0,23.0
EuroCup,eurocup,2025,84,9,2025-12-04,ARIS THESSALONIKI BETSSON,W,UBT,13927,Mitchell Creek,55,True,1886,31.43,27,8,9,1,4,8,10,6,2,4,3,0,0,2,0,6.0,35.0
EuroCup,eurocup,2025,84,9,2025-12-04,ARIS THESSALONIKI BETSSON,W,UBT,13943,Daron Russell,11,False,1248,20.8,16,4,4,2,10,2,3,2,0,2,6,3,0,3,4,6.0,15.0
EuroCup,eurocup,2025,84,9,2025-12-04,ARIS THESSALONIKI BETSSON,W,UBT,14185,Nighael Ceaser,4,True,1317,21.95,6,3,3,0,0,0,0,5,0,5,0,1,0,3,5,6.0,5.0
EuroCup,eurocup,2025,92,10,2025-12-10,BAHCESEHIR COLLEGE ISTANBUL,L,UBT,1694,Saulius Kulvietis,7,False,1195,19.92,11,1,1,3,4,0,0,0,0,0,1,0,0,1,1,6.0,10.0
EuroCup,eurocup,2025,92,10,2025-12-10,BAHCESEHIR COLLEGE ISTANBUL,L,UBT,9896,Dusan Miletic,10,True,1096,18.27,9,3,4,1,2,0,0,1,0,1,2,2,0,2,3,-18.0,7.0
EuroCup,eurocup,2025,92,10,2025-12-10,BAHCESEHIR COLLEGE ISTANBUL,L,UBT,11797,Karel Guzman,0,True,1582,26.37,5,1,2,1,4,0,0,6,1,5,1,1,0,3,3,-22.0,5.0
EuroCup,eurocup,2025,92,10,2025-12-10,BAHCESEHIR COLLEGE ISTANBUL,L,UBT,11801,Patrick Richard,35,True,1775,29.58,9,2,2,1,5,2,2,2,0,2,3,1,2,0,2,-15.0,13.0
EuroCup,eurocup,2025,92,10,2025-12-10,BAHCESEHIR COLLEGE ISTANBUL,L,UBT,12684,Alexis Petric,12,False,0,0.0,0,0,0,0,0,0,0,0,0,0,0,0,0,0,0,0.0,0.0
EuroCup,eurocup,2025,92,10,2025-12-10,BAHCESEHIR COLLEGE ISTANBUL,L,UBT,13251,Trey Woodbury,22,False,1653,27.55,8,4,7,0,0,0,0,3,1,2,4,1,0,6,1,4.0,9.0
EuroCup,eurocup,2025,92,10,2025-12-10,BAHCESEHIR COLLEGE ISTANBUL,L,UBT,13303,Darius Miron,6,False,87,1.45,0,0,0,0,0,0,0,0,0,0,0,0,0,0,1,1.0,-1.0
EuroCup,eurocup,2025,92,10,2025-12-10,BAHCESEHIR COLLEGE ISTANBUL,L,UBT,13926,Iverson Molinar,1,True,1580,26.33,7,2,9,0,1,3,4,1,0,1,5,1,0,4,2,-11.0,2.0
EuroCup,eurocup,2025,92,10,2025-12-10,BAHCESEHIR COLLEGE ISTANBUL,L,UBT,13927,Mitchell Creek,55,True,1581,26.35,12,5,8,0,1,2,3,5,2,3,0,0,0,1,5,-12.0,10.0
EuroCup,eurocup,2025,92,10,2025-12-10,BAHCESEHIR COLLEGE ISTANBUL,L,UBT,14185,Nighael Ceaser,4,False,1451,24.18,11,4,8,0,1,3,3,11,1,10,2,1,1,1,3,7.0,19.0
EuroCup,eurocup,2025,105,11,2025-12-17,NEPTUNAS KLAIPEDA,W,UBT,1694,Saulius Kulvietis,7,False,471,7.85,0,0,0,0,1,0,0,0,0,0,1,0,0,0,2,8.0,-2.0
EuroCup,eurocup,2025,105,11,2025-12-17,NEPTUNAS KLAIPEDA,W,UBT,2875,Ben Altit,8,False,0,0.0,0,0,0,0,0,0,0,0,0,0,0,0,0,0,0,0.0,0.0
EuroCup,eurocup,2025,105,11,2025-12-17,NEPTUNAS KLAIPEDA,W,UBT,6546,Jeffery Taylor,44,False,1063,17.72,2,1,3,0,2,0,0,2,0,2,4,2,0,0,1,-6.0,5.0
EuroCup,eurocup,2025,105,11,2025-12-17,NEPTUNAS KLAIPEDA,W,UBT,9896,Dusan Miletic,10,True,1035,17.25,12,4,6,0,1,4,5,8,3,5,3,0,0,0,4,15.0,20.0
EuroCup,eurocup,2025,105,11,2025-12-17,NEPTUNAS KLAIPEDA,W,UBT,11797,Karel Guzman,0,True,1601,26.68,7,2,3,1,2,0,0,3,0,3,4,3,0,2,1,15.0,14.0
EuroCup,eurocup,2025,105,11,2025-12-17,NEPTUNAS KLAIPEDA,W,UBT,11801,Patrick Richard,35,False,1014,16.9,2,1,1,0,3,0,0,1,0,1,2,0,0,2,2,4.0,-2.0
EuroCup,eurocup,2025,105,11,2025-12-17,NEPTUNAS KLAIPEDA,W,UBT,13251,Trey Woodbury,22,True,1198,19.97,5,1,3,1,3,0,0,5,0,5,3,0,0,1,3,22.0,6.0
EuroCup,eurocup,2025,105,11,2025-12-17,NEPTUNAS KLAIPEDA,W,UBT,13303,Darius Miron,6,False,0,0.0,0,0,0,0,0,0,0,0,0,0,0,0,0,0,0,0.0,0.0
EuroCup,eurocup,2025,105,11,2025-12-17,NEPTUNAS KLAIPEDA,W,UBT,13926,Iverson Molinar,1,True,1362,22.7,15,5,7,1,1,2,3,1,0,1,8,0,1,1,3,17.0,21.0
EuroCup,eurocup,2025,105,11,2025-12-17,NEPTUNAS KLAIPEDA,W,UBT,13927,Mitchell Creek,55,True,1671,27.85,40,10,11,4,4,8,10,4,0,4,1,1,0,3,4,27.0,43.0
EuroCup,eurocup,2025,105,11,2025-12-17,NEPTUNAS KLAIPEDA,W,UBT,13943,Daron Russell,11,False,1220,20.33,16,3,4,2,7,4,4,1,0,1,4,1,0,2,4,-3.0,13.0
EuroCup,eurocup,2025,105,11,2025-12-17,NEPTUNAS KLAIPEDA,W,UBT,14185,Nighael Ceaser,4,False,1365,22.75,19,9,9,0,0,1,3,8,3,5,1,0,0,2,3,6.0,23.0
EuroCup,eurocup,2025,111,12,2025-12-30,SLASK WROCLAW,W,UBT,1694,Saulius Kulvietis,7,True,1155,19.25,5,1,2,1,4,0,0,4,3,1,1,0,0,1,2,10.0,4.0
EuroCup,eurocup,2025,111,12,2025-12-30,SLASK WROCLAW,W,UBT,2875,Ben Altit,8,False,362,6.03,0,0,0,0,2,0,0,0,0,0,0,0,0,1,1,-9.0,-4.0
EuroCup,eurocup,2025,111,12,2025-12-30,SLASK WROCLAW,W,UBT,9896,Dusan Miletic,10,True,1508,25.13,19,6,8,0,0,7,9,14,3,11,5,0,1,3,3,5.0,35.0
EuroCup,eurocup,2025,111,12,2025-12-30,SLASK WROCLAW,W,UBT,11797,Karel Guzman,0,True,1730,28.83,14,5,6,1,7,1,3,5,2,3,1,0,0,0,4,19.0,9.0
EuroCup,eurocup,2025,111,12,2025-12-30,SLASK WROCLAW,W,UBT,11801,Patrick Richard,35,False,1201,20.02,3,0,1,1,3,0,0,1,1,0,1,0,0,0,1,-9.0,1.0
EuroCup,eurocup,2025,111,12,2025-12-30,SLASK WROCLAW,W,UBT,12684,Alexis Petric,12,False,0,0.0,0,0,0,0,0,0,0,0,0,0,0,0,0,0,0,0.0,0.0
EuroCup,eurocup,2025,111,12,2025-12-30,SLASK WROCLAW,W,UBT,13251,Trey Woodbury,22,False,1154,19.23,3,1,1,0,2,1,2,2,0,2,2,0,1,1,5,-10.0,1.0
EuroCup,eurocup,2025,111,12,2025-12-30,SLASK WROCLAW,W,UBT,13926,Iverson Molinar,1,True,1913,31.88,13,4,13,1,2,2,2,1,0,1,4,3,1,1,1,3.0,9.0
EuroCup,eurocup,2025,111,12,2025-12-30,SLASK WROCLAW,W,UBT,13943,Daron Russell,11,True,1906,31.77,30,7,11,2,7,10,15,7,2,5,7,1,0,0,3,3.0,37.0
EuroCup,eurocup,2025,111,12,2025-12-30,SLASK WROCLAW,W,UBT,14185,Nighael Ceaser,4,False,1071,17.85,7,3,7,0,0,1,2,6,1,5,1,0,0,0,4,-2.0,7.0
EuroCup,eurocup,2025,125,13,2026-01-07,UMANA REYER VENICE,L,UBT,2875,Ben Altit,8,False,656,10.93,4,2,3,0,1,0,0,1,0,1,0,0,0,2,1,-10.0,0.0
EuroCup,eurocup,2025,125,13,2026-01-07,UMANA REYER VENICE,L,UBT,6546,Jeffery Taylor,44,False,869,14.48,0,0,0,0,1,0,0,4,2,2,1,0,0,0,2,-15.0,2.0
EuroCup,eurocup,2025,125,13,2026-01-07,UMANA REYER VENICE,L,UBT,9896,Dusan Miletic,10,True,1520,25.33,16,6,10,0,1,4,4,9,1,8,1,0,2,4,4,7.0,18.0
EuroCup,eurocup,2025,125,13,2026-01-07,UMANA REYER VENICE,L,UBT,11797,Karel Guzman,0,True,1490,24.83,4,0,3,1,4,1,2,6,3,3,2,0,0,1,1,10.0,3.0
EuroCup,eurocup,2025,125,13,2026-01-07,UMANA REYER VENICE,L,UBT,11801,Patrick Richard,35,False,662,11.03,3,0,1,1,2,0,0,1,0,1,2,0,0,1,1,-13.0,2.0
EuroCup,eurocup,2025,125,13,2026-01-07,UMANA REYER VENICE,L,UBT,13251,Trey Woodbury,22,False,1288,21.47,18,3,4,3,7,3,3,4,1,3,2,1,0,1,0,-6.0,21.0
EuroCup,eurocup,2025,125,13,2026-01-07,UMANA REYER VENICE,L,UBT,13926,Iverson Molinar,1,True,1522,25.37,11,4,7,1,1,0,1,3,1,2,5,0,0,2,5,6.0,9.0
EuroCup,eurocup,2025,125,13,2026-01-07,UMANA REYER VENICE,L,UBT,13927,Mitchell Creek,55,True,1808,30.13,18,6,11,1,2,3,5,5,3,2,3,2,0,0,2,4.0,24.0
EuroCup,eurocup,2025,125,13,2026-01-07,UMANA REYER VENICE,L,UBT,13943,Daron Russell,11,True,1530,25.5,9,2,6,1,5,2,3,2,0,2,5,0,0,1,1,-5.0,5.0
EuroCup,eurocup,2025,125,13,2026-01-07,UMANA REYER VENICE,L,UBT,14185,Nighael Ceaser,4,False,655,10.92,0,0,5,0,0,0,0,2,2,0,0,0,1,0,2,-13.0,-5.0
EuroCup,eurocup,2025,132,14,2026-01-13,VEOLIA TOWERS HAMBURG,W,UBT,1694,Saulius Kulvietis,7,False,365,6.08,3,0,0,1,3,0,0,1,1,0,0,1,0,1,1,-5.0,1.0
EuroCup,eurocup,2025,132,14,2026-01-13,VEOLIA TOWERS HAMBURG,W,UBT,2875,Ben Altit,8,False,215,3.58,0,0,1,0,0,0,0,0,0,0,0,0,1,1,0,-3.0,-2.0
EuroCup,eurocup,2025,132,14,2026-01-13,VEOLIA TOWERS HAMBURG,W,UBT,6546,Jeffery Taylor,44,False,684,11.4,2,1,2,0,3,0,3,2,1,1,0,0,0,1,5,-3.0,-7.0
EuroCup,eurocup,2025,132,14,2026-01-13,VEOLIA TOWERS HAMBURG,W,UBT,9896,Dusan Miletic,10,True,1304,21.73,11,4,6,1,1,0,0,9,2,7,2,1,2,1,4,26.0,19.0
EuroCup,eurocup,2025,132,14,2026-01-13,VEOLIA TOWERS HAMBURG,W,UBT,11797,Karel Guzman,0,True,1616,26.93,12,3,6,1,7,3,4,12,4,8,7,3,0,0,3,18.0,23.0
EuroCup,eurocup,2025,132,14,2026-01-13,VEOLIA TOWERS HAMBURG,W,UBT,11801,Patrick Richard,35,False,739,12.32,7,0,0,2,5,1,1,0,0,0,0,0,0,2,1,-9.0,1.0
EuroCup,eurocup,2025,132,14,2026-01-13,VEOLIA TOWERS HAMBURG,W,UBT,12684,Alexis Petric,12,False,0,0.0,0,0,0,0,0,0,0,0,0,0,0,0,0,0,0,0.0,0.0
EuroCup,eurocup,2025,132,14,2026-01-13,VEOLIA TOWERS HAMBURG,W,UBT,13251,Trey Woodbury,22,True,1442,24.03,7,2,3,1,4,0,0,4,0,4,6,2,0,1,3,28.0,11.0
EuroCup,eurocup,2025,132,14,2026-01-13,VEOLIA TOWERS HAMBURG,W,UBT,13926,Iverson Molinar,1,False,1177,19.62,7,2,6,1,3,0,0,1,0,1,4,1,1,0,2,-23.0,6.0
EuroCup,eurocup,2025,132,14,2026-01-13,VEOLIA TOWERS HAMBURG,W,UBT,13927,Mitchell Creek,55,True,1783,29.72,20,7,11,1,4,3,4,5,3,2,4,1,0,2,1,16.0,24.0
EuroCup,eurocup,2025,132,14,2026-01-13,VEOLIA TOWERS HAMBURG,W,UBT,13943,Daron Russell,11,True,1627,27.12,23,5,8,3,8,4,4,4,2,2,5,1,1,0,2,20.0,30.0
EuroCup,eurocup,2025,132,14,2026-01-13,VEOLIA TOWERS HAMBURG,W,UBT,14185,Nighael Ceaser,4,False,1048,17.47,11,5,5,0,0,1,2,2,2,0,1,1,0,1,2,-10.0,13.0
EuroCup,eurocup,2025,144,15,2026-01-20,CEDEVITA OLIMPIJA LJUBLJANA,L,UBT,1694,Saulius Kulvietis,7,False,481,8.02,0,0,0,0,0,0,0,2,0,2,1,0,0,0,2,3.0,1.0
EuroCup,eurocup,2025,144,15,2026-01-20,CEDEVITA OLIMPIJA LJUBLJANA,L,UBT,2875,Ben Altit,8,False,0,0.0,0,0,0,0,0,0,0,0,0,0,0,0,0,0,0,0.0,0.0
EuroCup,eurocup,2025,144,15,2026-01-20,CEDEVITA OLIMPIJA LJUBLJANA,L,UBT,6546,Jeffery Taylor,44,False,992,16.53,3,0,1,1,1,0,0,1,0,1,0,0,0,0,4,-6.0,-1.0
EuroCup,eurocup,2025,144,15,2026-01-20,CEDEVITA OLIMPIJA LJUBLJANA,L,UBT,9896,Dusan Miletic,10,True,1907,31.78,16,8,12,0,1,0,0,13,2,11,7,3,1,5,2,-9.0,28.0
EuroCup,eurocup,2025,144,15,2026-01-20,CEDEVITA OLIMPIJA LJUBLJANA,L,UBT,11797,Karel Guzman,0,True,1555,25.92,16,2,4,3,5,3,3,2,1,1,0,0,0,1,4,-2.0,11.0
EuroCup,eurocup,2025,144,15,2026-01-20,CEDEVITA OLIMPIJA LJUBLJANA,L,UBT,11801,Patrick Richard,35,False,498,8.3,1,0,1,0,3,1,1,0,0,0,1,0,0,2,0,-9.0,-4.0
EuroCup,eurocup,2025,144,15,2026-01-20,CEDEVITA OLIMPIJA LJUBLJANA,L,UBT,13251,Trey Woodbury,22,True,1434,23.9,10,2,6,2,2,0,0,1,0,1,2,0,0,1,2,4.0,5.0
EuroCup,eurocup,2025,144,15,2026-01-20,CEDEVITA OLIMPIJA LJUBLJANA,L,UBT,13926,Iverson Molinar,1,False,1344,22.4,9,3,5,1,2,0,0,0,0,0,1,1,0,5,3,-20.0,0.0
EuroCup,eurocup,2025,144,15,2026-01-20,CEDEVITA OLIMPIJA LJUBLJANA,L,UBT,13927,Mitchell Creek,55,True,1439,23.98,5,1,4,1,2,0,0,1,0,1,0,0,0,4,3,0.0,-2.0
EuroCup,eurocup,2025,144,15,2026-01-20,CEDEVITA OLIMPIJA LJUBLJANA,L,UBT,13943,Daron Russell,11,True,1574,26.23,14,4,7,0,2,6,7,4,0,4,10,2,0,4,2,12.0,24.0
EuroCup,eurocup,2025,144,15,2026-01-20,CEDEVITA OLIMPIJA LJUBLJANA,L,UBT,14185,Nighael Ceaser,4,False,776,12.93,6,3,3,0,0,0,0,3,1,2,0,1,0,1,4,-3.0,5.0
EuroCup,eurocup,2025,153,16,2026-01-28,BAXI MANRESA,L,UBT,1694,Saulius Kulvietis,7,False,222,3.7,0,0,1,0,2,0,0,1,1,0,0,0,0,0,0,0.0,-1.0
EuroCup,eurocup,2025,153,16,2026-01-28,BAXI MANRESA,L,UBT,2875,Ben Altit,8,False,133,2.22,0,0,0,0,0,0,0,0,0,0,1,0,0,0,2,-2.0,-1.0
EuroCup,eurocup,2025,153,16,2026-01-28,BAXI MANRESA,L,UBT,6546,Jeffery Taylor,44,False,776,12.93,0,0,0,0,0,0,0,4,0,4,0,0,0,1,4,-3.0,-1.0
EuroCup,eurocup,2025,153,16,2026-01-28,BAXI MANRESA,L,UBT,9896,Dusan Miletic,10,True,1775,29.58,19,8,11,0,1,3,3,8,1,7,3,2,3,0,5,9.0,27.0
EuroCup,eurocup,2025,153,16,2026-01-28,BAXI MANRESA,L,UBT,11797,Karel Guzman,0,True,1444,24.07,7,2,4,1,2,0,0,1,0,1,0,1,0,1,3,7.0,3.0
EuroCup,eurocup,2025,153,16,2026-01-28,BAXI MANRESA,L,UBT,11801,Patrick Richard,35,False,832,13.87,5,2,3,0,1,1,1,0,0,0,4,1,0,1,3,-14.0,4.0
EuroCup,eurocup,2025,153,16,2026-01-28,BAXI MANRESA,L,UBT,13251,Trey Woodbury,22,True,1087,18.12,9,1,2,2,2,1,1,1,0,1,2,2,0,0,4,1.0,9.0
EuroCup,eurocup,2025,153,16,2026-01-28,BAXI MANRESA,L,UBT,13303,Darius Miron,6,False,0,0.0,0,0,0,0,0,0,0,0,0,0,0,0,0,0,0,0.0,0.0
EuroCup,eurocup,2025,153,16,2026-01-28,BAXI MANRESA,L,UBT,13926,Iverson Molinar,1,False,1365,22.75,9,4,11,0,1,1,2,4,0,4,4,0,0,3,1,-10.0,5.0
EuroCup,eurocup,2025,153,16,2026-01-28,BAXI MANRESA,L,UBT,13927,Mitchell Creek,55,True,2056,34.27,27,11,11,0,1,5,7,7,1,6,4,1,0,4,4,1.0,34.0
EuroCup,eurocup,2025,153,16,2026-01-28,BAXI MANRESA,L,UBT,13943,Daron Russell,11,True,1824,30.4,22,1,4,3,11,11,12,6,3,3,5,1,0,5,3,10.0,22.0
EuroCup,eurocup,2025,153,16,2026-01-28,BAXI MANRESA,L,UBT,14185,Nighael Ceaser,4,False,486,8.1,1,0,1,0,0,1,4,1,0,1,0,1,0,1,4,-9.0,-3.0
EuroCup,eurocup,2025,163,17,2026-02-04,HAPOEL MIDTOWN JERUSALEM,L,UBT,1694,Saulius Kulvietis,7,True,800,13.33,2,1,2,0,2,0,0,1,1,0,0,0,0,1,2,2.0,-3.0
EuroCup,eurocup,2025,163,17,2026-02-04,HAPOEL MIDTOWN JERUSALEM,L,UBT,2875,Ben Altit,8,False,212,3.53,0,0,0,0,0,0,0,1,0,1,0,0,0,0,0,-7.0,1.0
EuroCup,eurocup,2025,163,17,2026-02-04,HAPOEL MIDTOWN JERUSALEM,L,UBT,6546,Jeffery Taylor,44,True,1641,27.35,7,1,1,0,2,5,6,7,3,4,1,1,1,0,5,0.0,14.0
EuroCup,eurocup,2025,163,17,2026-02-04,HAPOEL MIDTOWN JERUSALEM,L,UBT,9896,Dusan Miletic,10,False,1657,27.62,17,7,11,1,2,0,1,5,3,2,2,1,2,0,3,-16.0,20.0
EuroCup,eurocup,2025,163,17,2026-02-04,HAPOEL MIDTOWN JERUSALEM,L,UBT,11797,Karel Guzman,0,True,716,11.93,0,0,1,0,0,0,0,0,0,0,0,0,0,1,1,-9.0,-2.0
EuroCup,eurocup,2025,163,17,2026-02-04,HAPOEL MIDTOWN JERUSALEM,L,UBT,11801,Patrick Richard,35,False,1390,23.17,19,1,2,3,3,8,9,3,0,3,4,1,0,0,3,-1.0,27.0
EuroCup,eurocup,2025,163,17,2026-02-04,HAPOEL MIDTOWN JERUSALEM,L,UBT,13251,Trey Woodbury,22,False,1715,28.58,28,9,11,2,7,4,6,3,0,3,6,0,0,1,4,8.0,28.0
EuroCup,eurocup,2025,163,17,2026-02-04,HAPOEL MIDTOWN JERUSALEM,L,UBT,13303,Darius Miron,6,False,20,0.33,0,0,0,0,0,0,0,0,0,0,0,0,0,0,0,4.0,0.0
EuroCup,eurocup,2025,163,17,2026-02-04,HAPOEL MIDTOWN JERUSALEM,L,UBT,13926,Iverson Molinar,1,False,1275,21.25,8,1,6,2,4,0,0,0,0,0,3,1,0,1,0,-13.0,3.0
EuroCup,eurocup,2025,163,17,2026-02-04,HAPOEL MIDTOWN JERUSALEM,L,UBT,13927,Mitchell Creek,55,True,2042,34.03,14,3,11,2,2,2,2,6,3,3,3,1,1,4,3,-18.0,10.0
EuroCup,eurocup,2025,163,17,2026-02-04,HAPOEL MIDTOWN JERUSALEM,L,UBT,13943,Daron Russell,11,True,1128,18.8,3,0,3,1,4,0,0,2,0,2,3,2,1,2,1,-13.0,1.0
EuroCup,eurocup,2025,163,17,2026-02-04,HAPOEL MIDTOWN JERUSALEM,L,UBT,14185,Nighael Ceaser,4,False,904,15.07,6,3,6,0,0,0,0,3,1,2,1,1,0,1,4,13.0,4.0
EuroCup,eurocup,2025,174,18,2026-02-11,ARIS THESSALONIKI BETSSON,W,UBT,1694,Saulius Kulvietis,7,True,452,7.53,3,0,1,1,2,0,0,3,0,3,0,0,0,1,0,-6.0,3.0
EuroCup,eurocup,2025,174,18,2026-02-11,ARIS THESSALONIKI BETSSON,W,UBT,2875,Ben Altit,8,False,72,1.2,0,0,0,0,0,0,0,0,0,0,0,0,0,0,0,-1.0,0.0
EuroCup,eurocup,2025,174,18,2026-02-11,ARIS THESSALONIKI BETSSON,W,UBT,9896,Dusan Miletic,10,False,1116,18.6,11,4,6,0,1,3,5,5,2,3,2,1,0,0,3,8.0,14.0
EuroCup,eurocup,2025,174,18,2026-02-11,ARIS THESSALONIKI BETSSON,W,UBT,11797,Karel Guzman,0,False,1501,25.02,19,4,5,2,3,5,5,3,1,2,3,1,1,1,1,17.0,27.0
EuroCup,eurocup,2025,174,18,2026-02-11,ARIS THESSALONIKI BETSSON,W,UBT,11801,Patrick Richard,35,False,907,15.12,8,0,0,2,6,2,3,0,0,0,1,0,0,0,2,-5.0,3.0
EuroCup,eurocup,2025,174,18,2026-02-11,ARIS THESSALONIKI BETSSON,W,UBT,12684,Alexis Petric,12,False,72,1.2,0,0,0,0,0,0,0,0,0,0,0,0,0,0,0,-1.0,0.0
EuroCup,eurocup,2025,174,18,2026-02-11,ARIS THESSALONIKI BETSSON,W,UBT,13251,Trey Woodbury,22,False,1273,21.22,11,1,1,3,4,0,2,4,0,4,4,3,0,0,3,15.0,17.0
EuroCup,eurocup,2025,174,18,2026-02-11,ARIS THESSALONIKI BETSSON,W,UBT,13303,Darius Miron,6,False,127,2.12,0,0,0,0,1,0,0,0,0,0,0,0,0,0,1,-2.0,-2.0
EuroCup,eurocup,2025,174,18,2026-02-11,ARIS THESSALONIKI BETSSON,W,UBT,13926,Iverson Molinar,1,True,1562,26.03,20,6,7,2,7,2,3,2,0,2,7,2,0,0,1,15.0,25.0
EuroCup,eurocup,2025,174,18,2026-02-11,ARIS THESSALONIKI BETSSON,W,UBT,13927,Mitchell Creek,55,True,1714,28.57,16,3,5,2,2,4,6,5,0,5,2,1,0,4,4,23.0,18.0
EuroCup,eurocup,2025,174,18,2026-02-11,ARIS THESSALONIKI BETSSON,W,UBT,13943,Daron Russell,11,True,1625,27.08,19,5,10,2,8,3,3,2,0,2,8,2,0,1,1,20.0,21.0
EuroCup,eurocup,2025,174,18,2026-02-11,ARIS THESSALONIKI BETSSON,W,UBT,14185,Nighael Ceaser,4,True,1579,26.32,4,2,5,0,0,0,0,7,4,3,1,2,0,0,2,12.0,11.0
EuroCup,eurocup,2025,183,19,2026-03-11,BUDUCNOST VOLI PODGORICA,W,UBT,1694,Saulius Kulvietis,7,False,202,3.37,0,0,0,0,0,0,0,0,0,0,1,0,0,1,0,-6.0,0.0
EuroCup,eurocup,2025,183,19,2026-03-11,BUDUCNOST VOLI PODGORICA,W,UBT,2875,Ben Altit,8,False,281,4.68,4,2,3,0,0,0,0,0,0,0,0,0,0,0,2,-7.0,1.0
EuroCup,eurocup,2025,183,19,2026-03-11,BUDUCNOST VOLI PODGORICA,W,UBT,6546,Jeffery Taylor,44,True,1653,27.55,0,0,1,0,2,0,0,2,0,2,3,2,1,0,3,22.0,2.0
EuroCup,eurocup,2025,183,19,2026-03-11,BUDUCNOST VOLI PODGORICA,W,UBT,9896,Dusan Miletic,10,False,946,15.77,4,2,3,0,0,0,0,5,3,2,0,2,1,3,3,-2.0,8.0
EuroCup,eurocup,2025,183,19,2026-03-11,BUDUCNOST VOLI PODGORICA,W,UBT,11797,Karel Guzman,0,False,1331,22.18,10,2,2,2,5,0,0,3,1,2,1,2,1,0,0,-6.0,14.0
EuroCup,eurocup,2025,183,19,2026-03-11,BUDUCNOST VOLI PODGORICA,W,UBT,11801,Patrick Richard,35,False,0,0.0,0,0,0,0,0,0,0,0,0,0,0,0,0,0,0,0.0,0.0
EuroCup,eurocup,2025,183,19,2026-03-11,BUDUCNOST VOLI PODGORICA,W,UBT,12684,Alexis Petric,12,False,0,0.0,0,0,0,0,0,0,0,0,0,0,0,0,0,0,0,0.0,0.0
EuroCup,eurocup,2025,183,19,2026-03-11,BUDUCNOST VOLI PODGORICA,W,UBT,13251,Trey Woodbury,22,False,975,16.25,8,1,3,2,3,0,0,0,0,0,1,0,1,0,0,-4.0,7.0
EuroCup,eurocup,2025,183,19,2026-03-11,BUDUCNOST VOLI PODGORICA,W,UBT,13926,Iverson Molinar,1,True,1787,29.78,34,8,12,3,5,9,9,5,3,2,4,2,0,1,3,22.0,39.0
EuroCup,eurocup,2025,183,19,2026-03-11,BUDUCNOST VOLI PODGORICA,W,UBT,13927,Mitchell Creek,55,True,1793,29.88,13,3,4,2,7,1,2,4,1,3,2,0,0,1,2,25.0,11.0
EuroCup,eurocup,2025,183,19,2026-03-11,BUDUCNOST VOLI PODGORICA,W,UBT,13943,Daron Russell,11,True,1859,30.98,20,1,5,3,9,9,11,4,1,3,7,2,0,1,1,19.0,22.0
EuroCup,eurocup,2025,183,19,2026-03-11,BUDUCNOST VOLI PODGORICA,W,UBT,14185,Nighael Ceaser,4,True,1173,19.55,7,3,4,0,0,1,1,8,3,5,3,0,0,1,4,27.0,13.0
EuroCup,eurocup,2025,188,20,2026-03-17,BAHCESEHIR COLLEGE ISTANBUL,L,UBT,1694,Saulius Kulvietis,7,False,100,1.67,0,0,0,0,1,0,0,0,0,0,0,0,0,0,1,-6.0,-2.0
EuroCup,eurocup,2025,188,20,2026-03-17,BAHCESEHIR COLLEGE ISTANBUL,L,UBT,2875,Ben Altit,8,False,0,0.0,0,0,0,0,0,0,0,0,0,0,0,0,0,0,0,-1.0,0.0
EuroCup,eurocup,2025,188,20,2026-03-17,BAHCESEHIR COLLEGE ISTANBUL,L,UBT,6546,Jeffery Taylor,44,True,947,15.78,0,0,0,0,1,0,0,1,0,1,0,0,1,0,2,-16.0,1.0
EuroCup,eurocup,2025,188,20,2026-03-17,BAHCESEHIR COLLEGE ISTANBUL,L,UBT,9896,Dusan Miletic,10,False,1269,21.15,7,2,3,0,1,3,6,6,2,4,1,0,1,0,5,7.0,10.0
EuroCup,eurocup,2025,188,20,2026-03-17,BAHCESEHIR COLLEGE ISTANBUL,L,UBT,11797,Karel Guzman,0,False,1361,22.68,7,3,4,0,0,1,2,10,1,9,1,0,0,0,2,15.0,18.0
EuroCup,eurocup,2025,188,20,2026-03-17,BAHCESEHIR COLLEGE ISTANBUL,L,UBT,11801,Patrick Richard,35,False,633,10.55,3,0,0,1,3,0,0,2,0,2,1,0,0,0,2,7.0,2.0
EuroCup,eurocup,2025,188,20,2026-03-17,BAHCESEHIR COLLEGE ISTANBUL,L,UBT,12684,Alexis Petric,12,False,0,0.0,0,0,0,0,0,0,0,0,0,0,0,0,0,0,0,0.0,0.0
EuroCup,eurocup,2025,188,20,2026-03-17,BAHCESEHIR COLLEGE ISTANBUL,L,UBT,13251,Trey Woodbury,22,False,1036,17.27,2,1,8,0,1,0,0,3,0,3,2,1,0,2,2,3.0,-4.0
EuroCup,eurocup,2025,188,20,2026-03-17,BAHCESEHIR COLLEGE ISTANBUL,L,UBT,13926,Iverson Molinar,1,True,1634,27.23,9,2,8,1,3,2,2,1,0,1,3,0,0,3,3,-3.0,2.0
EuroCup,eurocup,2025,188,20,2026-03-17,BAHCESEHIR COLLEGE ISTANBUL,L,UBT,13927,Mitchell Creek,55,True,1808,30.13,9,1,1,0,0,7,7,0,0,0,1,0,0,1,2,-5.0,11.0
EuroCup,eurocup,2025,188,20,2026-03-17,BAHCESEHIR COLLEGE ISTANBUL,L,UBT,13943,Daron Russell,11,True,1897,31.62,23,5,12,3,6,4,4,2,0,2,4,3,0,3,2,-11.0,21.0
EuroCup,eurocup,2025,188,20,2026-03-17,BAHCESEHIR COLLEGE ISTANBUL,L,UBT,14185,Nighael Ceaser,4,True,1315,21.92,12,5,7,0,0,2,3,10,3,7,1,1,1,2,4,-5.0,18.0
Liga Națională,liga_nationala,2026,16035738,27,2026-04-24,BC CSU Sibiu,W,UBT,2875,Ben Altit,8,False,864,14.4,2,1,1,0,1,0,0,0,0,0,3,0,0,1,2,-3.0,1.0
Liga Națională,liga_nationala,2026,16035738,27,2026-04-24,BC CSU Sibiu,W,UBT,6546,Jeff Taylor,44,True,1200,20.0,6,0,0,2,3,0,0,3,1,2,2,2,1,0,2,0.0,11.0
Liga Națională,liga_nationala,2026,16035738,27,2026-04-24,BC CSU Sibiu,W,UBT,9896,Dušan Miletić,10,True,1082,18.03,17,6,7,1,1,2,2,6,2,4,2,0,0,0,4,16.0,20.0
Liga Națională,liga_nationala,2026,16035738,27,2026-04-24,BC CSU Sibiu,W,UBT,11797,Karel Guzman,0,False,448,7.47,6,0,0,2,3,0,0,1,0,1,0,1,0,1,1,-3.0,5.0
Liga Națională,liga_nationala,2026,16035738,27,2026-04-24,BC CSU Sibiu,W,UBT,11801,Patrick Richard,35,True,1695,28.25,11,0,0,3,5,2,2,5,2,3,2,1,0,2,2,11.0,13.0
Liga Națională,liga_nationala,2026,16035738,27,2026-04-24,BC CSU Sibiu,W,UBT,12684,Alexis Petric,12,False,113,1.88,0,0,0,0,0,0,0,0,0,0,0,0,0,1,1,5.0,-2.0
Liga Națională,liga_nationala,2026,16035738,27,2026-04-24,BC CSU Sibiu,W,UBT,13303,Darius Miron,6,False,345,5.75,0,0,0,0,1,0,0,1,0,1,0,0,0,0,1,1.0,-1.0
Liga Națională,liga_nationala,2026,16035738,27,2026-04-24,BC CSU Sibiu,W,UBT,13926,Iverson Molinar,1,False,1355,22.58,14,4,8,0,2,6,6,1,0,1,2,1,0,2,1,3.0,9.0
Liga Națională,liga_nationala,2026,16035738,27,2026-04-24,BC CSU Sibiu,W,UBT,13927,Mitch Creek,55,True,1582,26.37,18,8,14,0,3,2,3,7,2,5,3,1,0,0,2,-1.0,17.0
Liga Națională,liga_nationala,2026,16035738,27,2026-04-24,BC CSU Sibiu,W,UBT,13943,Fatts Russell,11,True,1807,30.12,19,2,4,3,10,6,9,3,0,3,6,0,0,2,2,5.0,12.0
Liga Națională,liga_nationala,2026,16035738,27,2026-04-24,BC CSU Sibiu,W,UBT,14185,Nighael Ceaser,4,False,1504,25.07,8,4,6,0,0,0,0,12,3,9,1,0,0,0,3,1.0,16.0
Liga Națională,liga_nationala,2026,16035738,27,2026-04-24,BC CSU Sibiu,W,UBT,1949098,Radu Andrei Cepoi,2,False,0,0.0,0,0,0,0,0,0,0,0,0,0,0,0,0,0,0,0.0,0.0
Liga Națională,liga_nationala,2026,16035742,27,2026-04-26,BC CSU Sibiu,W,UBT,2875,Ben Altit,8,True,664,11.07,2,0,0,0,0,2,2,4,2,2,0,0,1,1,3,-10.0,3.0
Liga Națională,liga_nationala,2026,16035742,27,2026-04-26,BC CSU Sibiu,W,UBT,6546,Jeff Taylor,44,False,972,16.2,2,0,0,0,2,2,2,4,2,2,2,0,0,0,2,3.0,4.0
Liga Națională,liga_nationala,2026,16035742,27,2026-04-26,BC CSU Sibiu,W,UBT,9896,Dušan Miletić,10,False,1153,19.22,13,6,7,0,0,1,3,10,6,4,2,1,5,1,1,6.0,26.0
Liga Națională,liga_nationala,2026,16035742,27,2026-04-26,BC CSU Sibiu,W,UBT,11801,Patrick Richard,35,False,1825,30.42,18,1,3,5,7,1,2,9,3,6,1,0,0,2,4,8.0,17.0
Liga Națională,liga_nationala,2026,16035742,27,2026-04-26,BC CSU Sibiu,W,UBT,12684,Alexis Petric,12,False,97,1.62,0,0,0,0,0,0,0,0,0,0,0,0,0,0,0,-1.0,0.0
Liga Națională,liga_nationala,2026,16035742,27,2026-04-26,BC CSU Sibiu,W,UBT,13251,Trey Woodbury,22,True,898,14.97,2,0,0,0,3,2,4,2,1,1,1,0,0,1,2,-8.0,-3.0
Liga Națională,liga_nationala,2026,16035742,27,2026-04-26,BC CSU Sibiu,W,UBT,13303,Darius Miron,6,True,529,8.82,0,0,0,0,4,0,0,2,1,1,0,1,0,1,1,-4.0,-3.0
Liga Națională,liga_nationala,2026,16035742,27,2026-04-26,BC CSU Sibiu,W,UBT,13926,Iverson Molinar,1,True,1194,19.9,4,1,4,0,3,2,2,1,1,0,3,1,0,1,1,-2.0,1.0
Liga Națională,liga_nationala,2026,16035742,27,2026-04-26,BC CSU Sibiu,W,UBT,13927,Mitch Creek,55,True,1768,29.47,16,4,10,2,4,2,2,4,0,4,2,0,1,0,1,2.0,14.0
Liga Națională,liga_nationala,2026,16035742,27,2026-04-26,BC CSU Sibiu,W,UBT,13943,Fatts Russell,11,False,1684,28.07,26,4,8,3,9,9,12,1,0,1,6,3,0,4,2,13.0,17.0
Liga Națională,liga_nationala,2026,16035742,27,2026-04-26,BC CSU Sibiu,W,UBT,14185,Nighael Ceaser,4,False,1213,20.22,4,2,4,0,1,0,0,6,2,4,3,1,0,1,4,8.0,6.0
Liga Națională,liga_nationala,2026,16035742,27,2026-04-26,BC CSU Sibiu,W,UBT,1949098,Radu Andrei Cepoi,2,False,0,0.0,0,0,0,0,0,0,0,0,0,0,0,0,0,0,0,0.0,0.0
